Date		T_degC	PO4uM	SiO3uM	NO2uM	NO3uM	Salnty	O2ml_L
01/07/2000,	11.000,	02.230,	53.000,	00.000,	25.300,	33.895,	02.110
01/08/2000,	11.210,	02.910,	73.300,	00.000,	28.300,	34.022,	00.280
01/09/2000,	17.950,	00.190,	03.000,	00.000,	00.000,	33.622,	05.640
01/10/2000,	17.910,	00.190,	03.000,	00.000,	00.000,	33.621,	05.660
01/11/2000,	17.550,	00.180,	03.000,	00.000,	00.000,	33.616,	05.830
01/12/2000,	17.180,	00.160,	03.000,	00.000,	00.000,	33.612,	05.890
01/13/2000,	16.570,	00.240,	04.000,	00.000,	00.000,	33.610,	05.890
01/14/2000,	15.430,	00.300,	04.400,	00.020,	00.200,	33.619,	05.670
01/15/2000,	14.770,	00.400,	06.000,	00.050,	00.700,	33.627,	05.430
01/16/2000,	13.780,	00.540,	10.500,	00.020,	03.700,	33.685,	04.940
01/17/2000,	12.230,	01.180,	22.600,	00.000,	12.000,	33.788,	03.930
01/18/2000,	11.610,	01.690,	37.400,	00.000,	20.300,	33.888,	02.930
01/19/2000,	17.730,	00.290,	05.000,	00.000,	00.100,	33.630,	05.740
01/20/2000,	17.050,	00.290,	04.000,	00.000,	00.100,	33.630,	05.770
01/21/2000,	13.380,	00.400,	07.000,	00.050,	01.800,	33.570,	05.890
01/22/2000,	11.340,	00.880,	16.000,	00.060,	09.000,	33.590,	05.100
01/23/2000,	09.100,	02.060,	58.000,	00.000,	27.600,	34.000,	02.710
04/07/2000,	08.710,	02.160,	73.000,	00.000,	30.500,	34.140,	02.530
04/08/2000,	16.540,	00.290,	03.000,	00.000,	00.300,	33.530,	05.810
04/09/2000,	16.540,	00.290,	03.000,	00.000,	00.300,	33.530,	06.190
04/10/2000,	13.870,	00.610,	04.000,	00.000,	00.400,	33.410,	04.890
04/11/2000,	11.500,	00.960,	18.000,	00.130,	10.100,	33.440,	03.820
04/12/2000,	08.860,	01.760,	53.000,	00.000,	26.400,	33.920,	02.320
04/13/2000,	08.530,	02.240,	74.000,	00.000,	31.000,	34.130,	01.830
04/14/2000,	16.210,	00.320,	06.000,	00.000,	00.300,	33.670,	05.970
04/15/2000,	16.210,	00.430,	06.000,	00.000,	00.300,	33.670,	06.020
04/16/2000,	13.620,	00.450,	12.000,	00.110,	04.000,	33.540,	06.020
04/17/2000,	11.520,	01.470,	24.000,	00.440,	13.100,	33.560,	04.690
04/18/2000,	08.710,	02.320,	71.000,	00.000,	30.000,	34.070,	02.530
04/19/2000,	08.340,	02.560,	86.000,	00.000,	32.400,	34.140,	01.810
04/20/2000,	15.460,	00.510,	16.000,	00.000,	00.600,	33.600,	06.020
04/21/2000,	14.240,	00.560,	16.000,	00.000,	01.300,	33.600,	05.970
04/22/2000,	10.460,	01.580,	36.000,	00.020,	18.700,	33.720,	03.690
06/29/2000,	09.880,	01.920,	52.000,	00.000,	24.700,	33.940,	02.760
06/30/2000,	09.350,	02.350,	74.000,	00.000,	27.500,	34.200,	02.010
07/01/2000,	08.870,	02.460,	85.000,	00.000,	30.500,	34.230,	01.720
07/02/2000,	16.870,	00.210,	05.000,	00.000,	00.100,	33.580,	05.850
07/03/2000,	16.850,	00.350,	05.000,	00.000,	00.000,	33.570,	05.850
07/04/2000,	13.080,	00.350,	05.000,	00.000,	00.000,	33.490,	06.200
07/05/2000,	11.250,	00.640,	14.000,	00.000,	07.000,	33.540,	05.520
07/06/2000,	09.700,	01.920,	62.000,	00.000,	23.800,	34.090,	02.410
07/07/2000,	08.920,	02.080,	75.000,	00.000,	25.400,	34.150,	02.520
07/08/2000,	16.800,	00.210,	03.000,	00.000,	00.000,	33.560,	05.760
07/09/2000,	16.760,	00.320,	03.000,	00.000,	00.000,	33.560,	05.760
07/10/2000,	14.110,	00.320,	06.000,	00.000,	00.000,	33.440,	06.030
07/10/2000,	11.540,	00.830,	19.000,	00.340,	04.400,	33.460,	04.770
07/11/2000,	09.380,	01.870,	64.000,	00.000,	23.500,	34.130,	02.440
07/12/2000,	08.570,	02.110,	78.000,	00.060,	26.600,	34.130,	02.250
07/13/2000,	16.310,	00.350,	04.000,	00.000,	00.700,	33.570,	06.000
10/12/2000,	16.090,	00.320,	04.000,	00.000,	00.600,	33.620,	06.000
10/13/2000,	13.800,	00.510,	09.000,	00.000,	02.200,	33.530,	06.120
10/14/2000,	09.080,	01.790,	54.000,	00.000,	21.600,	33.930,	03.230
10/15/2000,	08.530,	02.270,	80.000,	00.000,	26.300,	34.140,	02.270
10/16/2000,	16.990,	00.270,	03.000,	00.000,	00.300,	33.480,	05.740
10/17/2000,	16.980,	00.320,	03.000,	00.000,	00.300,	33.490,	05.750
10/18/2000,	15.400,	00.320,	03.000,	00.000,	00.300,	33.460,	05.960
10/19/2000,	09.900,	01.870,	48.000,	00.000,	24.000,	33.990,	02.970
10/20/2000,	09.410,	02.160,	64.000,	00.000,	28.000,	34.150,	02.420
10/21/2000,	17.350,	00.270,	03.000,	00.000,	00.300,	33.440,	05.780
10/23/2000,	16.730,	00.270,	03.000,	00.000,	00.300,	33.410,	05.810
10/24/2000,	14.070,	00.320,	04.000,	00.000,	00.600,	33.380,	06.460
10/25/2000,	13.200,	00.530,	07.000,	00.000,	03.100,	33.360,	06.040
10/26/2000,	09.210,	01.900,	52.000,	00.000,	27.000,	33.920,	02.990
10/27/2000,	08.190,	01.870,	63.000,	00.000,	27.900,	33.990,	03.450
10/28/2000,	17.590,	00.450,	03.000,	00.000,	00.000,	33.350,	05.750
10/29/2000,	17.250,	00.670,	03.000,	00.000,	00.000,	33.370,	05.720
10/30/2000,	15.950,	00.450,	02.000,	00.000,	00.000,	33.430,	05.930
01/07/2001,	14.150,	00.400,	03.000,	00.000,	00.000,	33.150,	06.160
01/08/2001,	10.040,	01.340,	23.000,	00.000,	14.200,	33.590,	04.770
01/09/2001,	09.130,	02.110,	50.000,	00.000,	24.400,	33.950,	03.520
01/10/2001,	17.640,	00.350,	03.000,	00.000,	00.000,	33.320,	05.690
01/11/2001,	17.560,	00.290,	02.000,	00.000,	00.000,	33.520,	05.770
01/12/2001,	17.060,	00.290,	02.000,	00.000,	00.000,	33.670,	05.770
01/13/2001,	16.820,	00.270,	02.000,	00.000,	00.000,	33.720,	05.820
01/14/2001,	10.750,	01.200,	25.000,	00.000,	15.000,	33.620,	03.250
01/15/2001,	09.530,	01.840,	48.000,	00.000,	24.000,	33.920,	02.280
01/16/2001,	16.540,	00.270,	02.000,	00.000,	00.000,	33.530,	05.760
01/17/2001,	16.520,	00.320,	02.000,	00.000,	00.200,	33.530,	05.820
01/18/2001,	15.540,	00.320,	02.000,	00.000,	00.000,	33.490,	05.980
01/19/2001,	12.780,	00.690,	10.000,	00.180,	05.900,	33.420,	05.550
01/20/2001,	09.110,	02.000,	54.000,	00.000,	29.700,	33.960,	03.220
01/21/2001,	16.540,	00.270,	02.000,	00.000,	00.000,	33.490,	05.750
01/22/2001,	16.540,	00.270,	02.000,	00.000,	00.000,	33.490,	05.840
01/23/2001,	16.440,	00.350,	02.000,	00.000,	00.000,	33.460,	05.780
04/06/2001,	14.750,	00.350,	03.000,	00.000,	00.000,	33.330,	06.070
04/07/2001,	09.430,	01.710,	45.000,	00.000,	27.100,	33.830,	03.560
04/08/2001,	08.830,	02.000,	62.000,	00.000,	30.500,	34.030,	03.040
04/09/2001,	16.570,	00.350,	03.000,	00.000,	00.000,	33.420,	05.760
04/09/2001,	16.570,	00.590,	03.000,	00.000,	00.000,	33.420,	05.870
04/10/2001,	14.800,	00.320,	03.000,	00.000,	00.000,	33.310,	05.780
04/10/2001,	10.010,	01.550,	38.000,	00.000,	23.400,	33.870,	03.660
04/11/2001,	16.930,	00.350,	03.000,	00.000,	01.100,	33.440,	05.740
04/11/2001,	10.120,	02.320,	63.000,	00.000,	32.200,	34.250,	02.110
04/12/2001,	16.930,	00.270,	03.000,	00.000,	01.500,	33.450,	05.720
04/12/2001,	16.930,	00.290,	02.000,	00.000,	01.800,	33.440,	05.790
04/13/2001,	15.910,	00.320,	03.000,	00.000,	00.800,	33.460,	05.940
04/14/2001,	10.250,	01.280,	29.000,	00.030,	16.400,	33.650,	04.240
04/15/2001,	10.440,	02.240,	62.000,	00.000,	25.900,	34.250,	01.980
04/16/2001,	17.030,	00.350,	03.000,	00.000,	00.000,	33.270,	05.730
04/17/2001,	16.950,	00.320,	03.000,	00.000,	00.000,	33.270,	05.720
04/18/2001,	15.890,	00.320,	03.000,	00.000,	00.000,	33.230,	05.920
04/19/2001,	14.630,	00.350,	03.000,	00.000,	00.000,	33.170,	06.080
04/20/2001,	10.810,	00.880,	19.000,	00.000,	08.700,	33.620,	04.940
04/21/2001,	09.390,	02.140,	56.000,	00.000,	22.800,	33.940,	03.180
04/22/2001,	17.540,	00.400,	03.000,	00.000,	00.000,	33.270,	05.700
04/23/2001,	17.250,	00.370,	03.000,	00.000,	00.000,	33.260,	05.710
07/10/2001,	17.070,	00.240,	03.000,	00.000,	00.000,	33.650,	05.800
07/11/2001,	16.780,	00.320,	03.000,	00.000,	00.000,	33.680,	05.780
07/12/2001,	10.970,	01.090,	23.000,	00.000,	11.500,	33.610,	04.430
07/13/2001,	09.640,	01.740,	43.000,	00.000,	19.800,	33.930,	03.720
07/14/2001,	17.220,	00.750,	03.000,	00.090,	00.400,	33.553,	05.810
07/15/2001,	16.070,	00.510,	03.000,	00.170,	00.000,	33.521,	05.920
07/16/2001,	15.890,	00.510,	03.100,	00.180,	00.100,	33.535,	05.900
07/17/2001,	14.140,	00.640,	04.600,	00.240,	02.100,	33.669,	05.720
07/18/2001,	12.600,	00.910,	07.400,	00.260,	05.700,	33.789,	05.490
07/19/2001,	10.390,	01.740,	20.300,	00.200,	20.000,	34.149,	03.790
07/20/2001,	10.010,	02.070,	26.700,	00.160,	24.100,	34.224,	03.110
07/21/2001,	09.750,	02.400,	31.600,	00.140,	26.800,	34.213,	02.580
07/22/2001,	09.390,	02.650,	34.600,	00.130,	28.100,	34.115,	02.370
07/23/2001,	09.330,	02.680,	35.000,	00.130,	28.200,	34.092,	02.360
07/24/2001,	08.880,	02.680,	39.800,	00.120,	29.300,	34.042,	02.090
07/25/2001,	17.080,	00.680,	03.000,	00.040,	00.900,	33.706,	05.790
07/26/2001,	16.850,	00.720,	04.000,	00.090,	00.900,	33.700,	05.870
10/25/2001,	16.840,	00.720,	04.100,	00.090,	01.000,	33.699,	05.840
10/26/2001,	16.380,	00.760,	04.600,	00.080,	01.700,	33.696,	05.540
10/27/2001,	15.270,	00.840,	05.600,	00.090,	02.900,	33.697,	05.150
10/28/2001,	10.820,	01.940,	18.400,	00.260,	16.800,	33.710,	04.130
10/29/2001,	09.720,	02.400,	26.300,	00.110,	23.500,	33.747,	03.370
10/30/2001,	09.470,	02.640,	30.800,	00.040,	25.700,	33.811,	02.860
10/31/2001,	09.300,	02.710,	33.800,	00.030,	27.000,	33.902,	02.590
11/01/2001,	09.020,	02.730,	36.600,	00.030,	28.200,	34.021,	02.410
11/02/2001,	08.970,	02.730,	37.000,	00.030,	28.400,	34.043,	02.390
11/03/2001,	08.450,	03.010,	44.500,	00.020,	31.000,	34.091,	01.830
11/04/2001,	16.460,	00.630,	02.000,	00.000,	00.100,	33.512,	05.810
11/05/2001,	16.380,	01.000,	02.000,	00.030,	00.000,	33.508,	05.890
11/06/2001,	16.210,	01.000,	02.100,	00.030,	00.100,	33.505,	05.950
11/07/2001,	14.310,	00.950,	03.200,	00.060,	01.300,	33.473,	06.390
11/08/2001,	12.300,	00.910,	04.800,	00.120,	03.300,	33.456,	06.410
01/24/2002,	11.000,	01.470,	13.000,	00.260,	12.800,	33.494,	04.760
01/25/2002,	10.860,	01.590,	14.200,	00.250,	14.000,	33.500,	04.570
01/26/2002,	09.790,	02.310,	27.500,	00.020,	24.100,	33.608,	03.140
01/27/2002,	09.500,	02.550,	31.400,	00.010,	25.600,	33.664,	02.820
01/28/2002,	09.210,	02.800,	34.500,	00.010,	26.400,	33.720,	02.580
01/29/2002,	08.610,	02.870,	40.600,	00.010,	28.400,	33.835,	02.300
01/30/2002,	08.190,	03.320,	46.900,	00.010,	30.800,	33.954,	01.830
01/31/2002,	16.190,	00.420,	05.000,	00.010,	00.000,	33.590,	06.670
02/01/2002,	14.730,	00.470,	03.000,	00.000,	00.000,	33.480,	06.790
02/02/2002,	12.880,	00.850,	06.700,	00.080,	05.600,	33.472,	05.840
02/03/2002,	10.660,	01.560,	17.000,	00.070,	16.600,	33.650,	04.180
02/04/2002,	10.200,	02.060,	26.000,	00.030,	20.100,	33.707,	02.650
02/05/2002,	10.130,	02.310,	30.400,	00.040,	23.700,	33.764,	02.360
02/06/2002,	10.100,	02.380,	31.000,	00.040,	25.000,	33.822,	02.300
02/07/2002,	10.040,	02.420,	31.400,	00.030,	25.400,	33.880,	02.230
02/08/2002,	18.250,	00.470,	01.000,	00.000,	00.000,	33.610,	05.720
02/09/2002,	18.260,	00.470,	02.000,	00.000,	00.000,	33.610,	05.790
03/28/2002,	16.000,	00.620,	02.500,	00.020,	00.500,	33.539,	06.110
03/29/2002,	11.110,	01.610,	16.700,	00.110,	16.700,	33.475,	03.780
03/29/2002,	11.990,	00.860,	06.000,	00.170,	06.000,	33.420,	05.740
03/30/2002,	10.480,	01.990,	23.500,	00.040,	22.000,	33.531,	02.950
03/31/2002,	10.070,	02.210,	28.300,	00.010,	24.300,	33.588,	02.590
04/01/2002,	09.830,	02.450,	33.100,	00.000,	26.300,	33.647,	02.160
04/02/2002,	09.380,	02.770,	40.300,	00.000,	28.900,	33.770,	01.500
04/03/2002,	18.220,	00.490,	02.000,	00.000,	00.000,	33.580,	05.630
04/03/2002,	18.220,	00.510,	02.000,	00.000,	00.000,	33.580,	05.700
04/04/2002,	18.140,	00.510,	02.000,	00.000,	00.000,	33.581,	05.710
04/04/2002,	17.050,	00.510,	02.000,	00.000,	00.000,	33.593,	05.830
04/05/2002,	15.370,	00.530,	02.300,	00.010,	00.200,	33.608,	05.860
04/05/2002,	12.230,	00.940,	08.400,	00.100,	03.500,	33.648,	05.420
04/06/2002,	10.320,	02.360,	30.200,	00.020,	24.000,	33.980,	02.330
04/06/2002,	10.590,	02.140,	25.400,	00.040,	21.800,	33.828,	02.790
04/07/2002,	10.040,	02.490,	34.000,	00.010,	25.700,	34.160,	02.020
04/07/2002,	09.950,	02.490,	34.300,	00.010,	25.800,	34.161,	02.040
04/08/2002,	17.160,	00.510,	02.000,	00.000,	00.000,	33.625,	05.740
04/08/2002,	17.790,	00.470,	02.000,	00.000,	00.000,	33.628,	05.740
04/09/2002,	17.150,	00.510,	02.000,	00.000,	00.000,	33.625,	05.760
04/09/2002,	16.830,	00.510,	02.000,	00.000,	00.000,	33.627,	05.950
04/10/2002,	15.910,	00.550,	02.500,	00.010,	00.600,	33.635,	06.050
04/10/2002,	10.990,	01.400,	14.400,	00.240,	13.800,	33.669,	04.370
04/11/2002,	10.070,	01.870,	22.600,	00.080,	20.100,	33.736,	03.460
04/11/2002,	09.730,	02.070,	27.200,	00.030,	22.100,	33.825,	03.010
04/12/2002,	08.890,	02.280,	33.900,	00.030,	24.500,	34.035,	02.830
04/12/2002,	09.350,	02.180,	30.500,	00.020,	23.400,	33.927,	02.890
07/02/2002,	08.870,	02.280,	34.000,	00.030,	24.500,	34.039,	02.830
07/03/2002,	08.400,	02.690,	43.800,	00.010,	25.400,	34.112,	02.010
07/04/2002,	17.070,	00.400,	02.000,	00.010,	00.000,	33.453,	05.710
07/05/2002,	17.050,	00.510,	02.000,	00.030,	00.000,	33.451,	05.580
07/06/2002,	16.820,	00.520,	02.000,	00.020,	00.000,	33.434,	05.670
07/07/2002,	13.800,	00.580,	03.000,	00.040,	00.700,	33.412,	06.390
07/08/2002,	11.270,	01.150,	10.500,	00.060,	10.600,	33.447,	05.290
07/09/2002,	09.470,	01.920,	24.100,	00.030,	21.600,	33.527,	03.560
07/09/2002,	09.990,	01.600,	17.700,	00.040,	17.500,	33.485,	04.270
07/10/2002,	08.320,	02.430,	39.300,	00.020,	27.400,	33.672,	02.700
07/10/2002,	09.200,	02.180,	30.100,	00.020,	24.500,	33.572,	03.030
07/11/2002,	16.920,	00.520,	02.000,	00.010,	00.000,	33.402,	05.680
07/11/2002,	17.010,	00.560,	02.000,	00.000,	00.000,	33.425,	05.690
07/12/2002,	13.460,	00.620,	03.100,	00.050,	00.600,	33.367,	06.330
07/12/2002,	13.550,	00.610,	03.000,	00.040,	00.400,	33.366,	06.350
07/13/2002,	11.900,	00.980,	08.000,	00.220,	07.400,	33.404,	05.380
07/14/2002,	10.730,	01.420,	14.400,	00.110,	14.600,	33.444,	04.480
07/15/2002,	09.740,	01.810,	22.300,	00.030,	20.500,	33.487,	03.840
07/16/2002,	09.070,	02.100,	29.900,	00.020,	24.800,	33.533,	03.330
07/17/2002,	08.520,	02.370,	37.700,	00.010,	27.300,	33.636,	02.660
11/10/2002,	16.760,	00.490,	02.000,	00.000,	00.000,	33.451,	06.140
11/11/2002,	16.650,	00.510,	02.000,	00.000,	00.000,	33.449,	05.860
11/12/2002,	16.630,	00.510,	02.000,	00.000,	00.000,	33.447,	05.870
11/13/2002,	16.360,	00.510,	02.000,	00.000,	00.000,	33.428,	05.910
11/14/2002,	16.020,	00.510,	01.900,	00.000,	00.000,	33.406,	05.960
11/15/2002,	15.220,	00.510,	01.000,	00.000,	00.000,	33.359,	05.920
11/16/2002,	15.130,	00.520,	01.100,	00.010,	00.100,	33.359,	05.920
11/17/2002,	12.600,	00.830,	05.800,	00.260,	05.100,	33.365,	05.580
11/18/2002,	10.660,	01.380,	14.100,	00.110,	14.000,	33.384,	04.620
11/19/2002,	09.650,	01.800,	21.600,	00.020,	20.400,	33.413,	03.860
11/20/2002,	09.160,	02.030,	27.400,	00.010,	23.500,	33.452,	03.460
11/21/2002,	08.320,	02.200,	36.500,	00.000,	26.700,	33.556,	02.980
11/22/2002,	16.980,	00.490,	02.000,	00.000,	00.000,	33.276,	05.670
11/23/2002,	16.740,	00.490,	02.000,	00.020,	00.000,	33.261,	05.550
11/24/2002,	16.730,	00.490,	02.000,	00.020,	00.000,	33.257,	05.550
11/25/2002,	16.530,	00.490,	02.000,	00.010,	00.000,	33.220,	05.620
01/30/2003,	16.120,	00.490,	02.000,	00.010,	00.000,	33.183,	05.800
01/31/2003,	14.380,	00.490,	02.000,	00.020,	00.000,	33.115,	06.180
02/01/2003,	14.320,	00.490,	02.000,	00.020,	00.000,	33.122,	06.170
02/02/2003,	13.220,	00.510,	02.000,	00.000,	00.000,	33.284,	05.960
02/03/2003,	12.970,	00.600,	03.200,	00.120,	01.700,	33.432,	05.680
02/04/2003,	11.930,	00.830,	06.900,	00.120,	06.200,	33.567,	05.250
02/05/2003,	10.380,	01.160,	12.500,	00.030,	12.000,	33.689,	04.720
02/06/2003,	09.260,	01.810,	25.700,	00.020,	21.400,	33.893,	03.560
02/07/2003,	17.890,	00.420,	02.000,	00.000,	00.000,	33.580,	05.630
02/08/2003,	17.730,	00.470,	02.000,	00.000,	00.000,	33.580,	05.720
02/09/2003,	17.600,	00.470,	02.000,	00.000,	00.000,	33.582,	05.760
02/10/2003,	16.160,	00.480,	02.000,	00.000,	00.000,	33.603,	06.050
02/11/2003,	14.450,	00.500,	02.200,	00.010,	00.200,	33.627,	06.190
02/12/2003,	12.420,	00.850,	07.200,	00.160,	05.700,	33.685,	05.400
02/13/2003,	10.460,	01.250,	13.200,	00.050,	13.400,	33.778,	04.580
02/14/2003,	10.060,	01.830,	23.100,	00.050,	21.100,	33.897,	03.400
02/15/2003,	10.160,	02.250,	31.000,	00.140,	25.600,	34.045,	02.240
04/03/2003,	10.490,	02.500,	35.600,	00.230,	27.300,	34.226,	01.370
04/04/2003,	10.540,	02.520,	36.000,	00.240,	27.400,	34.250,	01.280
04/05/2003,	10.650,	02.950,	38.800,	00.040,	28.700,	34.267,	00.830
04/06/2003,	18.960,	00.470,	01.000,	00.000,	00.000,	33.630,	05.480
04/07/2003,	18.530,	00.490,	01.000,	00.000,	00.000,	33.620,	05.490
04/08/2003,	18.460,	00.490,	01.000,	00.000,	00.000,	33.619,	05.500
04/09/2003,	17.720,	00.480,	01.500,	00.000,	00.000,	33.607,	05.620
04/10/2003,	16.840,	00.470,	02.000,	00.000,	00.000,	33.601,	05.780
04/11/2003,	12.620,	00.850,	06.900,	00.150,	05.200,	33.646,	05.480
04/11/2003,	14.990,	00.500,	02.100,	00.010,	00.100,	33.607,	06.040
04/12/2003,	11.140,	01.320,	14.200,	00.080,	12.800,	33.719,	04.390
04/13/2003,	09.410,	02.070,	28.300,	00.000,	24.200,	33.952,	03.040
04/13/2003,	10.150,	01.750,	21.800,	00.020,	19.600,	33.822,	03.520
04/14/2003,	09.340,	02.100,	29.000,	00.000,	24.600,	33.970,	03.000
04/15/2003,	08.790,	02.380,	35.600,	00.000,	26.600,	34.069,	02.690
04/16/2003,	18.010,	00.490,	02.000,	00.000,	00.000,	33.440,	05.790
04/16/2003,	17.800,	00.490,	01.000,	00.000,	00.000,	33.460,	05.920
04/17/2003,	17.780,	00.490,	01.000,	00.000,	00.000,	33.455,	05.930
04/18/2003,	17.590,	00.490,	01.000,	00.000,	00.000,	33.393,	06.000
04/19/2003,	17.250,	00.490,	01.000,	00.000,	00.000,	33.320,	06.080
04/19/2003,	13.900,	00.470,	02.000,	00.000,	00.000,	33.170,	06.420
04/20/2003,	13.820,	00.480,	02.000,	00.000,	00.100,	33.173,	06.420
04/21/2003,	12.790,	00.690,	03.700,	00.080,	02.600,	33.253,	06.050
04/22/2003,	10.740,	01.480,	15.300,	00.020,	14.200,	33.417,	04.300
04/22/2003,	11.670,	00.930,	06.500,	00.060,	06.700,	33.334,	05.480
04/23/2003,	10.240,	02.160,	26.600,	00.010,	22.300,	33.502,	02.930
04/24/2003,	10.150,	02.610,	35.500,	00.000,	26.800,	33.677,	01.900
07/17/2003,	17.900,	00.470,	02.000,	00.000,	00.000,	33.490,	05.700
07/18/2003,	17.900,	00.470,	02.000,	00.000,	00.000,	33.490,	05.690
07/19/2003,	17.600,	00.480,	02.000,	00.000,	00.000,	33.455,	05.730
07/20/2003,	14.840,	00.440,	02.000,	00.000,	00.000,	33.350,	06.420
07/21/2003,	13.300,	00.560,	02.900,	00.040,	00.800,	33.589,	06.190
07/22/2003,	11.550,	01.170,	12.200,	00.040,	10.800,	33.803,	05.000
07/23/2003,	10.880,	01.810,	24.100,	00.020,	20.900,	33.993,	03.420
07/24/2003,	10.750,	02.340,	33.100,	00.020,	26.200,	34.159,	02.120
07/25/2003,	18.990,	00.470,	02.000,	00.000,	00.000,	33.660,	05.540
07/26/2003,	18.720,	00.470,	02.000,	00.000,	00.000,	33.650,	05.570
07/27/2003,	18.690,	00.470,	02.000,	00.000,	00.000,	33.646,	05.580
07/28/2003,	18.160,	00.450,	02.000,	00.000,	00.000,	33.608,	05.680
07/29/2003,	17.130,	00.450,	02.000,	00.000,	00.000,	33.579,	05.810
07/30/2003,	13.580,	00.650,	03.000,	00.040,	00.600,	33.580,	06.040
10/20/2003,	13.460,	00.670,	03.300,	00.040,	01.000,	33.582,	05.990
10/21/2003,	11.510,	01.250,	12.700,	00.070,	12.600,	33.625,	04.440
10/22/2003,	10.830,	01.830,	20.900,	00.040,	20.100,	33.671,	03.340
10/23/2003,	10.530,	02.170,	26.500,	00.020,	24.000,	33.719,	02.660
10/24/2003,	10.280,	02.340,	30.700,	00.010,	26.200,	33.769,	02.190
10/25/2003,	09.600,	02.650,	38.700,	00.000,	29.200,	33.876,	01.680
10/26/2003,	18.780,	00.470,	02.000,	00.000,	00.000,	33.469,	05.510
10/27/2003,	18.220,	00.470,	01.000,	00.000,	00.000,	33.468,	05.620
10/28/2003,	18.010,	00.470,	01.400,	00.000,	00.000,	33.452,	05.620
10/29/2003,	15.940,	00.470,	01.000,	00.000,	00.000,	33.402,	05.830
10/30/2003,	14.770,	00.470,	01.000,	00.000,	00.000,	33.420,	05.920
10/31/2003,	13.280,	00.620,	03.600,	00.110,	01.700,	33.455,	05.730
10/31/2003,	11.890,	00.940,	08.500,	00.110,	07.400,	33.502,	05.130
11/01/2003,	19.310,	00.400,	05.000,	00.000,	00.000,	33.666,	05.690
11/02/2003,	16.620,	00.540,	08.000,	00.070,	00.700,	33.748,	06.420
11/03/2003,	16.430,	00.550,	08.100,	00.080,	00.800,	33.748,	06.360
01/06/2004,	14.870,	00.760,	09.100,	00.150,	03.200,	33.749,	05.710
01/07/2004,	13.830,	01.080,	10.700,	00.250,	07.500,	33.757,	04.980
01/08/2004,	11.840,	01.970,	23.200,	00.770,	18.000,	33.793,	02.910
01/09/2004,	11.300,	02.290,	27.400,	00.870,	21.300,	33.875,	02.440
01/10/2004,	11.150,	02.450,	29.000,	00.890,	22.600,	33.910,	02.140
01/11/2004,	10.930,	02.390,	30.800,	00.250,	24.800,	33.970,	02.140
01/12/2004,	10.790,	02.540,	33.700,	00.110,	26.200,	34.059,	01.850
01/13/2004,	10.710,	02.520,	34.100,	00.050,	26.700,	34.148,	01.790
01/14/2004,	10.460,	02.610,	36.000,	00.050,	27.900,	34.248,	01.570
01/15/2004,	10.280,	02.610,	38.600,	00.040,	28.200,	34.287,	01.430
01/16/2004,	10.260,	02.610,	39.000,	00.040,	28.200,	34.292,	01.410
01/17/2004,	19.600,	00.420,	06.000,	00.040,	00.000,	33.501,	05.660
01/18/2004,	19.610,	00.420,	06.000,	00.000,	00.000,	33.704,	05.650
01/19/2004,	10.920,	02.210,	27.000,	00.020,	24.900,	33.887,	02.010
01/20/2004,	10.820,	02.660,	36.000,	00.020,	27.200,	34.090,	01.280
03/23/2004,	19.070,	00.510,	04.000,	00.000,	00.000,	33.600,	05.570
03/24/2004,	18.980,	00.490,	04.000,	00.000,	00.000,	33.590,	05.630
03/25/2004,	18.850,	00.490,	03.900,	00.000,	00.000,	33.585,	05.650
03/26/2004,	17.380,	00.460,	02.900,	00.000,	00.000,	33.534,	05.850
03/27/2004,	15.760,	00.440,	02.000,	00.000,	00.000,	33.485,	06.020
03/28/2004,	14.670,	00.490,	02.000,	00.000,	00.000,	33.420,	05.960
03/29/2004,	14.550,	00.510,	02.200,	00.000,	00.300,	33.422,	05.920
03/30/2004,	11.720,	01.120,	10.700,	00.020,	10.900,	33.473,	04.620
03/31/2004,	11.260,	01.700,	20.300,	00.060,	19.100,	33.526,	03.230
04/01/2004,	10.890,	02.090,	26.800,	00.050,	23.200,	33.582,	02.540
04/02/2004,	10.430,	02.320,	30.800,	00.010,	25.100,	33.640,	02.330
04/03/2004,	10.200,	02.590,	36.600,	00.090,	27.700,	33.765,	01.630
04/04/2004,	19.810,	00.440,	02.000,	00.000,	00.000,	33.630,	05.470
04/05/2004,	19.810,	00.440,	02.000,	00.000,	00.000,	33.630,	05.390
04/06/2004,	19.090,	00.440,	02.500,	00.000,	00.000,	33.577,	05.460
04/07/2004,	15.100,	00.470,	02.000,	00.000,	00.000,	33.450,	06.120
04/08/2004,	12.880,	00.950,	07.600,	00.070,	07.100,	33.492,	04.990
07/13/2004,	19.610,	00.490,	01.000,	00.000,	00.000,	33.520,	05.770
07/14/2004,	18.320,	00.460,	01.000,	00.000,	00.000,	33.508,	05.940
07/15/2004,	15.930,	00.440,	01.000,	00.000,	00.000,	33.520,	06.050
07/16/2004,	19.610,	00.440,	02.000,	00.000,	00.000,	33.520,	05.420
07/17/2004,	10.600,	01.440,	17.000,	00.020,	09.100,	34.063,	04.180
07/17/2004,	11.870,	00.940,	08.800,	00.020,	04.300,	33.901,	05.130
07/18/2004,	14.180,	00.500,	02.700,	00.000,	00.000,	33.717,	05.990
07/19/2004,	18.080,	00.420,	01.000,	00.000,	00.000,	33.524,	05.790
07/20/2004,	16.440,	00.420,	01.000,	00.000,	00.000,	33.500,	06.090
07/21/2004,	16.350,	00.420,	01.000,	00.000,	00.000,	33.509,	06.090
07/22/2004,	19.090,	00.420,	02.000,	00.000,	00.000,	33.560,	05.640
07/23/2004,	19.090,	00.420,	02.000,	00.000,	00.000,	33.560,	05.650
07/24/2004,	09.860,	02.280,	28.500,	00.010,	23.900,	33.638,	02.890
07/25/2004,	09.400,	02.460,	37.300,	00.010,	27.500,	33.752,	02.090
07/26/2004,	10.300,	02.010,	24.500,	00.010,	21.900,	33.586,	03.140
07/27/2004,	11.250,	01.550,	17.400,	00.040,	16.400,	33.537,	03.770
07/28/2004,	18.720,	00.420,	01.500,	00.000,	00.000,	33.542,	05.690
11/02/2004,	12.370,	00.770,	06.000,	00.040,	05.700,	33.428,	05.240
11/03/2004,	11.670,	00.910,	08.000,	00.050,	08.300,	33.463,	04.960
11/04/2004,	10.900,	01.300,	13.800,	00.040,	13.800,	33.603,	04.280
11/05/2004,	10.290,	01.840,	22.600,	00.020,	20.900,	33.800,	03.330
11/06/2004,	14.540,	00.480,	01.900,	00.000,	00.000,	33.380,	05.870
11/07/2004,	16.040,	00.400,	01.000,	00.000,	00.000,	33.407,	06.020
11/08/2004,	18.100,	00.470,	02.000,	00.000,	00.000,	33.469,	05.690
11/09/2004,	18.960,	00.460,	01.400,	00.000,	00.000,	33.511,	05.540
11/10/2004,	19.550,	00.440,	01.000,	00.000,	00.000,	33.564,	05.440
11/11/2004,	19.510,	00.440,	01.000,	00.000,	00.000,	33.559,	05.450
11/12/2004,	19.590,	00.440,	02.000,	00.000,	00.000,	33.564,	05.410
11/13/2004,	10.820,	02.790,	37.800,	00.020,	28.800,	33.803,	01.170
11/14/2004,	11.100,	02.620,	33.900,	00.020,	27.800,	33.696,	01.490
11/15/2004,	11.370,	01.710,	20.100,	00.050,	18.400,	33.602,	03.340
11/16/2004,	11.160,	02.370,	30.000,	00.030,	24.900,	33.647,	01.990
11/17/2004,	12.850,	00.790,	06.000,	00.080,	04.700,	33.560,	05.300
11/18/2004,	15.810,	00.440,	01.100,	00.000,	00.000,	33.522,	06.040
01/04/2005,	12.090,	01.390,	14.000,	00.130,	14.000,	33.627,	03.860
01/05/2005,	11.080,	01.920,	22.800,	00.030,	21.000,	33.661,	02.770
01/05/2005,	10.600,	02.090,	27.600,	00.020,	23.200,	33.698,	02.520
01/06/2005,	10.370,	02.370,	31.900,	00.010,	25.300,	33.736,	02.140
01/07/2005,	20.380,	00.420,	02.000,	00.000,	00.000,	33.684,	05.330
01/08/2005,	13.180,	00.620,	04.200,	00.080,	01.400,	33.594,	05.630
01/09/2005,	14.750,	00.560,	04.000,	00.030,	00.200,	33.582,	05.810
01/10/2005,	19.040,	00.380,	02.000,	00.000,	00.000,	33.622,	05.680
01/11/2005,	20.530,	00.350,	02.000,	00.000,	00.000,	33.689,	05.370
01/12/2005,	20.530,	00.350,	02.000,	00.000,	00.000,	33.686,	05.390
01/13/2005,	13.040,	02.680,	32.000,	00.070,	25.100,	34.205,	00.960
01/14/2005,	13.240,	01.860,	18.000,	00.030,	18.700,	33.931,	02.500
01/15/2005,	14.150,	01.540,	16.000,	00.660,	13.200,	33.873,	03.760
01/16/2005,	19.400,	00.490,	10.000,	00.010,	00.000,	34.012,	06.120
01/17/2005,	20.490,	00.630,	11.000,	00.010,	00.000,	34.037,	06.290
01/18/2005,	09.680,	02.350,	34.000,	00.030,	27.100,	34.161,	02.200
01/19/2005,	09.700,	02.320,	33.400,	00.030,	26.800,	34.143,	02.240
04/15/2005,	13.960,	00.750,	06.900,	00.070,	05.200,	33.719,	04.020
04/16/2005,	11.810,	01.450,	18.000,	00.040,	16.800,	33.743,	03.030
04/17/2005,	10.850,	02.000,	25.000,	00.020,	21.300,	33.770,	02.620
04/17/2005,	10.190,	02.420,	36.800,	00.080,	26.800,	33.836,	01.660
04/18/2005,	22.000,	00.330,	03.000,	00.010,	00.000,	34.068,	05.640
04/19/2005,	16.110,	00.480,	02.000,	00.000,	00.000,	33.698,	05.210
04/19/2005,	17.350,	00.440,	02.000,	00.000,	00.000,	33.682,	05.510
04/20/2005,	17.240,	00.440,	02.000,	00.000,	00.000,	33.676,	05.590
04/21/2005,	19.030,	00.450,	02.000,	00.000,	00.000,	33.600,	05.490
04/22/2005,	19.430,	00.470,	02.000,	00.000,	00.000,	33.588,	04.970
04/23/2005,	10.690,	02.380,	30.200,	00.020,	25.300,	33.787,	01.930
04/24/2005,	10.190,	02.440,	33.800,	00.030,	26.200,	33.814,	01.870
04/25/2005,	19.440,	00.470,	02.000,	00.000,	00.000,	33.583,	05.270
04/26/2005,	10.960,	02.180,	26.200,	00.040,	23.400,	33.762,	02.230
04/27/2005,	15.260,	00.680,	04.000,	00.060,	00.800,	33.714,	05.620
04/28/2005,	11.890,	01.820,	18.300,	00.240,	18.600,	33.740,	03.050
04/29/2005,	18.950,	00.450,	02.000,	00.000,	00.000,	33.668,	05.770
04/30/2005,	20.380,	00.440,	02.000,	00.000,	00.000,	33.689,	05.340
05/01/2005,	09.750,	02.740,	41.300,	00.010,	28.500,	33.877,	01.280
07/01/2005,	22.610,	00.470,	02.000,	00.000,	00.000,	34.070,	05.090
07/02/2005,	22.380,	00.510,	02.000,	00.000,	00.000,	33.927,	05.150
07/03/2005,	20.030,	00.500,	02.000,	00.000,	00.000,	33.807,	05.550
07/04/2005,	12.500,	02.880,	38.500,	00.040,	28.000,	34.321,	00.360
07/05/2005,	12.690,	02.530,	36.900,	00.050,	26.500,	34.279,	00.820
07/06/2005,	12.500,	02.190,	35.000,	00.060,	22.900,	34.252,	01.530
07/07/2005,	12.510,	02.000,	29.800,	00.060,	21.300,	34.245,	01.860
07/08/2005,	13.700,	00.570,	05.200,	00.090,	01.700,	33.826,	05.390
07/09/2005,	12.460,	01.620,	17.700,	00.050,	14.200,	34.116,	03.290
07/10/2005,	16.090,	00.440,	02.000,	00.010,	00.000,	33.457,	05.930
07/11/2005,	17.210,	00.410,	02.700,	00.010,	00.000,	33.576,	05.850
07/12/2005,	18.950,	00.370,	04.700,	00.010,	00.000,	33.750,	05.770
07/13/2005,	21.710,	00.370,	08.000,	00.010,	00.000,	33.968,	05.400
07/13/2005,	14.580,	02.050,	20.000,	00.090,	18.800,	34.129,	01.990
07/14/2005,	14.620,	02.000,	19.500,	00.100,	18.100,	34.114,	02.110
07/15/2005,	15.470,	00.980,	09.000,	00.380,	04.700,	33.825,	04.510
07/16/2005,	17.900,	00.650,	05.000,	00.170,	00.200,	33.911,	04.960
07/17/2005,	15.940,	00.440,	02.100,	00.010,	00.000,	33.477,	05.920
11/04/2005,	14.050,	00.680,	07.000,	00.140,	02.200,	33.637,	05.180
11/05/2005,	15.110,	00.620,	06.100,	00.020,	00.200,	33.623,	06.150
11/06/2005,	13.150,	00.850,	09.600,	00.000,	04.800,	33.651,	04.360
11/07/2005,	12.230,	02.040,	23.900,	00.000,	20.800,	33.684,	02.080
11/08/2005,	18.610,	00.570,	05.100,	00.000,	00.000,	33.705,	05.930
11/09/2005,	21.900,	00.520,	04.100,	00.000,	00.000,	33.827,	05.250
11/10/2005,	22.200,	00.510,	04.000,	00.000,	00.000,	33.840,	05.160
11/11/2005,	11.550,	03.220,	39.500,	00.000,	29.000,	34.649,	00.190
11/12/2005,	11.510,	03.260,	40.000,	00.000,	29.200,	34.669,	00.170
11/13/2005,	22.220,	00.420,	03.000,	00.000,	00.000,	33.839,	05.120
11/14/2005,	12.310,	03.020,	34.600,	00.010,	29.900,	34.208,	01.320
11/15/2005,	12.840,	02.250,	24.000,	00.290,	22.700,	34.041,	02.200
11/16/2005,	13.710,	01.060,	09.700,	00.050,	08.400,	33.871,	04.730
11/17/2005,	16.430,	00.540,	02.000,	00.000,	00.000,	33.697,	05.900
11/18/2005,	16.310,	00.540,	02.000,	00.000,	00.000,	33.704,	05.900
11/19/2005,	17.070,	00.510,	02.000,	00.000,	00.000,	33.643,	05.940
11/20/2005,	17.620,	00.490,	02.000,	00.000,	00.000,	33.710,	05.920
11/21/2005,	11.820,	03.140,	37.700,	00.000,	30.300,	34.367,	01.010
02/04/2006,	13.100,	00.300,	01.000,	00.000,	00.000,	33.521,	07.420
02/04/2006,	13.100,	00.300,	01.000,	00.000,	00.000,	33.521,	07.420
02/05/2006,	12.890,	00.280,	01.000,	00.000,	00.000,	33.573,	07.580
02/06/2006,	12.870,	00.280,	01.000,	00.000,	00.000,	33.579,	07.600
02/07/2006,	10.210,	01.820,	11.000,	00.110,	13.900,	33.740,	04.070
02/07/2006,	11.480,	01.990,	25.900,	00.020,	23.200,	33.561,	02.040
02/08/2006,	12.060,	01.460,	16.200,	00.020,	16.400,	33.627,	03.300
02/09/2006,	14.360,	00.750,	05.800,	00.020,	03.300,	33.725,	04.920
02/10/2006,	17.160,	00.420,	02.000,	00.000,	00.000,	33.855,	05.530
02/11/2006,	18.610,	00.420,	01.000,	00.000,	00.000,	34.114,	05.580
02/12/2006,	18.330,	00.200,	01.100,	00.000,	00.000,	34.021,	05.620
02/13/2006,	18.900,	00.400,	01.000,	00.000,	00.000,	33.992,	05.570
02/14/2006,	19.600,	00.410,	01.600,	00.000,	00.000,	33.871,	05.460
02/15/2006,	20.330,	00.420,	02.000,	00.000,	00.000,	33.785,	05.340
02/16/2006,	10.530,	02.810,	40.300,	00.010,	27.000,	33.874,	00.630
02/17/2006,	20.750,	00.400,	01.000,	00.000,	00.000,	33.801,	05.310
02/18/2006,	11.080,	02.760,	36.000,	00.010,	27.600,	33.793,	00.960
02/19/2006,	11.930,	02.690,	34.100,	00.010,	27.800,	33.755,	00.820
02/20/2006,	12.020,	02.510,	30.400,	00.030,	25.900,	33.718,	01.290
04/01/2006,	09.730,	02.100,	23.000,	00.130,	20.600,	33.790,	03.540
04/02/2006,	09.120,	02.150,	34.000,	00.190,	26.000,	33.865,	02.820
04/03/2006,	09.110,	02.170,	34.500,	00.190,	26.000,	33.868,	02.790
04/04/2006,	08.930,	02.460,	42.000,	00.250,	26.700,	33.920,	02.230
04/05/2006,	13.450,	00.770,	01.000,	00.120,	05.700,	33.547,	06.420
04/05/2006,	13.450,	00.770,	01.000,	00.120,	05.700,	33.547,	06.420
04/06/2006,	13.430,	00.770,	01.000,	00.130,	05.700,	33.546,	06.350
04/06/2006,	13.430,	00.770,	01.000,	00.130,	05.700,	33.546,	06.360
04/07/2006,	10.020,	01.790,	23.000,	00.160,	17.900,	33.652,	03.930
04/07/2006,	12.470,	00.890,	03.800,	00.110,	06.300,	33.553,	06.180
04/08/2006,	09.360,	01.990,	30.600,	00.140,	24.000,	33.677,	03.390
04/08/2006,	08.770,	02.010,	33.400,	00.060,	25.400,	33.704,	03.070
04/09/2006,	08.260,	02.120,	39.600,	00.020,	27.400,	33.760,	02.800
04/09/2006,	08.420,	02.040,	36.100,	00.030,	26.500,	33.732,	02.920
04/10/2006,	13.560,	00.500,	00.000,	00.120,	05.500,	33.339,	06.680
04/10/2006,	07.840,	02.340,	45.800,	00.010,	29.100,	33.821,	02.250
04/11/2006,	13.510,	00.500,	00.100,	00.110,	05.500,	33.338,	06.700
04/11/2006,	13.570,	00.500,	00.000,	00.110,	05.400,	33.339,	06.700
04/12/2006,	12.740,	00.610,	01.200,	00.130,	06.300,	33.336,	06.730
04/12/2006,	11.820,	00.800,	02.000,	00.160,	06.900,	33.343,	06.750
04/13/2006,	11.560,	00.900,	04.500,	00.170,	08.300,	33.348,	06.510
04/14/2006,	09.470,	01.760,	27.500,	00.230,	21.200,	33.393,	04.120
04/15/2006,	08.680,	01.930,	34.800,	00.000,	25.300,	33.514,	03.040
04/16/2006,	08.430,	02.060,	38.100,	00.000,	26.300,	33.579,	02.810
04/17/2006,	08.160,	02.190,	41.400,	00.000,	27.300,	33.647,	02.660
04/18/2006,	13.500,	00.580,	02.000,	00.010,	05.100,	33.341,	06.390
07/08/2006,	15.850,	00.300,	02.000,	00.010,	00.000,	32.835,	06.370
07/09/2006,	15.840,	00.300,	02.000,	00.010,	00.000,	32.872,	05.780
07/10/2006,	12.350,	00.280,	02.100,	00.010,	00.000,	32.931,	06.470
07/11/2006,	10.840,	00.330,	02.900,	00.020,	00.000,	33.005,	06.160
07/12/2006,	15.850,	00.300,	02.000,	00.010,	00.000,	32.811,	06.300
07/13/2006,	15.850,	00.300,	02.000,	00.010,	00.100,	32.811,	06.300
07/14/2006,	15.860,	00.300,	02.000,	00.000,	00.600,	32.813,	06.290
07/15/2006,	08.230,	02.060,	39.700,	00.000,	29.800,	33.677,	02.880
07/16/2006,	07.950,	02.280,	45.800,	00.000,	32.900,	33.762,	02.120
07/17/2006,	15.860,	00.300,	02.000,	00.000,	00.600,	32.813,	06.290
07/18/2006,	08.500,	01.970,	35.700,	00.000,	28.000,	33.636,	03.250
07/19/2006,	08.930,	01.880,	32.300,	00.040,	26.200,	33.596,	03.720
07/20/2006,	10.390,	01.230,	16.600,	00.040,	14.400,	33.489,	05.800
07/21/2006,	09.410,	01.780,	29.900,	00.140,	24.400,	33.557,	04.240
07/22/2006,	10.470,	01.210,	16.000,	00.040,	14.000,	33.488,	05.860
07/23/2006,	11.950,	00.880,	09.200,	00.030,	09.200,	33.393,	06.270
07/24/2006,	13.400,	00.580,	03.000,	00.020,	05.100,	33.340,	06.520
10/21/2006,	10.130,	00.600,	06.700,	00.040,	05.300,	33.078,	05.600
10/22/2006,	09.540,	00.950,	13.600,	00.030,	12.200,	33.151,	05.080
10/23/2006,	15.600,	00.390,	03.000,	00.000,	01.400,	33.390,	06.290
10/24/2006,	14.450,	00.300,	04.000,	00.000,	03.100,	33.416,	06.400
10/25/2006,	12.980,	00.560,	06.200,	00.080,	06.300,	33.441,	06.230
10/26/2006,	11.630,	00.900,	09.400,	00.180,	09.900,	33.475,	06.010
10/27/2006,	10.300,	01.240,	18.000,	00.250,	16.100,	33.561,	04.770
10/28/2006,	10.290,	01.260,	18.300,	00.240,	16.400,	33.562,	04.710
10/29/2006,	10.070,	01.670,	25.400,	00.030,	22.500,	33.590,	03.550
10/30/2006,	09.450,	01.840,	30.700,	00.000,	25.700,	33.618,	03.010
10/31/2006,	08.740,	01.850,	34.300,	00.000,	27.000,	33.648,	03.080
11/01/2006,	08.240,	01.850,	36.900,	00.000,	27.800,	33.679,	03.250
11/02/2006,	15.740,	00.440,	03.000,	00.000,	01.300,	33.283,	06.200
11/03/2006,	15.740,	00.440,	03.000,	00.000,	01.300,	33.283,	06.200
11/04/2006,	14.390,	00.390,	03.700,	00.000,	01.500,	33.267,	06.310
11/05/2006,	13.960,	00.390,	04.000,	00.000,	01.500,	33.264,	06.320
01/13/2007,	09.130,	01.610,	27.300,	00.000,	22.900,	33.771,	03.650
01/14/2007,	08.910,	01.660,	29.000,	00.000,	23.500,	33.813,	03.550
01/15/2007,	08.760,	01.760,	31.900,	00.000,	25.100,	33.873,	03.250
01/16/2007,	09.330,	01.570,	26.000,	00.000,	22.500,	33.742,	03.720
01/18/2007,	10.860,	01.210,	15.000,	00.260,	15.400,	33.591,	04.940
01/19/2007,	10.110,	01.440,	21.000,	00.070,	20.000,	33.662,	04.220
01/20/2007,	09.840,	01.490,	22.800,	00.050,	21.100,	33.687,	04.020
01/21/2007,	11.030,	01.140,	12.800,	00.250,	13.800,	33.567,	05.260
01/22/2007,	11.870,	00.830,	05.000,	00.160,	07.300,	33.431,	06.190
01/23/2007,	12.910,	00.570,	01.300,	00.080,	02.500,	33.253,	06.050
01/24/2007,	15.080,	00.440,	01.000,	00.020,	01.500,	33.275,	06.420
01/25/2007,	14.130,	00.500,	01.000,	00.030,	01.800,	33.254,	06.250
01/26/2007,	13.030,	00.550,	01.000,	00.070,	02.100,	33.235,	06.040
01/27/2007,	15.440,	00.410,	01.000,	00.010,	00.900,	33.228,	06.070
01/28/2007,	10.180,	01.400,	20.400,	00.130,	18.700,	33.498,	04.630
01/29/2007,	09.570,	01.620,	25.700,	00.020,	22.600,	33.540,	03.770
01/30/2007,	09.260,	01.880,	32.000,	00.000,	25.700,	33.583,	02.820
01/31/2007,	12.790,	00.600,	06.400,	00.060,	04.600,	33.320,	06.040
02/01/2007,	11.650,	00.910,	10.000,	00.160,	09.200,	33.428,	05.570
03/28/2007,	09.220,	01.240,	20.000,	00.000,	17.600,	33.565,	04.430
03/29/2007,	09.240,	01.570,	26.200,	00.000,	22.300,	33.714,	03.860
04/02/2007,	09.270,	01.820,	31.000,	00.000,	25.800,	33.812,	03.400
04/03/2007,	08.980,	01.870,	34.600,	00.000,	27.500,	33.882,	02.930
04/04/2007,	09.540,	01.090,	15.900,	00.070,	14.300,	33.374,	04.840
04/05/2007,	09.880,	00.970,	13.000,	00.130,	11.500,	33.226,	05.150
04/06/2007,	10.670,	00.440,	04.000,	00.210,	01.600,	32.894,	06.110
04/07/2007,	13.690,	00.410,	01.100,	00.000,	00.700,	33.058,	06.400
04/08/2007,	12.160,	00.440,	02.000,	00.000,	01.500,	33.009,	06.270
04/09/2007,	10.770,	00.440,	03.700,	00.190,	01.600,	32.898,	06.130
04/10/2007,	13.860,	00.410,	01.000,	00.000,	00.600,	33.061,	06.410
04/11/2007,	14.720,	00.390,	01.300,	00.000,	00.200,	32.986,	06.240
04/13/2007,	07.750,	02.210,	47.000,	00.000,	31.800,	34.021,	02.560
04/14/2007,	15.960,	00.300,	02.000,	00.000,	00.000,	32.865,	05.860
04/15/2007,	15.330,	00.360,	02.000,	00.000,	00.000,	32.875,	05.970
04/24/2007,	08.160,	02.040,	42.000,	00.000,	29.700,	34.022,	02.930
04/25/2007,	07.910,	02.140,	45.100,	00.000,	31.000,	34.021,	02.700
04/28/2007,	08.700,	01.790,	33.000,	00.000,	25.800,	33.896,	03.150
04/29/2007,	08.420,	01.770,	35.000,	00.000,	26.200,	33.944,	03.250
06/28/2007,	09.210,	01.260,	18.800,	00.000,	17.000,	33.148,	04.660
06/29/2007,	08.440,	01.650,	30.800,	00.000,	24.200,	33.305,	03.840
06/30/2007,	16.120,	00.300,	02.000,	00.000,	00.000,	33.108,	05.780
07/01/2007,	16.120,	00.300,	02.000,	00.000,	00.000,	33.108,	05.780
07/02/2007,	09.650,	01.020,	13.300,	00.000,	11.500,	33.075,	05.180
07/03/2007,	10.450,	00.690,	07.300,	00.000,	05.100,	33.008,	05.880
07/04/2007,	12.210,	00.350,	01.900,	00.000,	00.000,	32.944,	06.460
07/05/2007,	15.760,	00.310,	01.500,	00.000,	00.000,	32.841,	05.930
07/06/2007,	15.610,	00.330,	01.000,	00.000,	00.000,	32.841,	06.010
07/07/2007,	15.920,	00.280,	02.000,	00.000,	00.000,	32.841,	05.860
07/08/2007,	16.680,	00.280,	02.000,	00.000,	00.000,	32.847,	05.870
07/08/2007,	07.840,	02.150,	45.000,	00.000,	31.500,	34.016,	02.370
07/09/2007,	07.930,	02.150,	44.400,	00.000,	31.300,	34.018,	02.340
07/10/2007,	08.690,	02.060,	39.600,	00.000,	29.900,	33.985,	02.500
07/11/2007,	08.310,	02.150,	42.000,	00.000,	30.600,	34.017,	02.260
07/12/2007,	08.750,	02.040,	39.000,	00.000,	29.700,	33.974,	02.560
07/13/2007,	08.920,	01.880,	35.000,	00.000,	27.600,	33.890,	02.870
11/03/2007,	15.160,	00.320,	02.100,	00.000,	00.000,	33.118,	05.730
11/04/2007,	12.490,	00.280,	03.000,	00.000,	00.000,	33.163,	05.740
11/05/2007,	15.590,	00.330,	02.000,	00.000,	00.000,	33.111,	05.730
11/06/2007,	15.960,	00.290,	02.000,	00.000,	00.000,	33.082,	05.630
11/07/2007,	15.970,	00.280,	02.000,	00.000,	00.000,	33.075,	05.610
11/08/2007,	15.970,	00.280,	02.000,	00.000,	00.000,	33.075,	05.610
11/09/2007,	15.960,	00.300,	02.000,	00.000,	00.000,	33.072,	05.640
11/10/2007,	09.090,	02.170,	38.800,	00.030,	29.100,	33.565,	02.090
11/11/2007,	15.960,	00.300,	02.000,	00.000,	00.000,	33.072,	05.640
11/12/2007,	09.730,	01.750,	27.400,	00.000,	23.000,	33.414,	03.130
11/13/2007,	10.060,	01.380,	19.200,	00.030,	17.100,	33.343,	04.170
11/14/2007,	10.980,	00.870,	10.500,	00.030,	08.500,	33.275,	05.240
11/15/2007,	13.530,	00.280,	02.100,	00.000,	00.000,	33.151,	06.180
11/16/2007,	12.490,	00.380,	03.800,	00.010,	00.200,	33.211,	05.960
11/17/2007,	15.580,	00.300,	02.000,	00.000,	00.000,	33.107,	05.850
11/18/2007,	15.850,	00.300,	02.000,	00.000,	00.000,	33.107,	05.820
01/07/2008,	09.970,	01.460,	22.300,	00.080,	19.900,	33.615,	03.770
01/08/2008,	09.500,	01.750,	27.700,	00.000,	24.100,	33.654,	03.110
01/09/2008,	09.160,	01.950,	32.800,	00.000,	27.000,	33.695,	02.730
01/10/2008,	08.830,	02.040,	36.800,	00.000,	28.700,	33.737,	02.600
01/11/2008,	11.420,	01.050,	14.000,	00.230,	11.400,	33.584,	04.720
01/12/2008,	12.160,	00.650,	07.400,	00.120,	04.900,	33.609,	05.960
01/13/2008,	14.160,	00.300,	02.000,	00.000,	00.000,	33.634,	06.660
01/14/2008,	18.820,	00.220,	01.000,	00.000,	00.000,	33.686,	05.650
01/15/2008,	09.080,	02.230,	38.700,	00.000,	30.600,	33.703,	02.090
01/16/2008,	10.390,	01.590,	21.800,	00.120,	20.400,	33.631,	03.530
01/18/2008,	12.810,	00.860,	10.500,	00.080,	07.900,	33.614,	05.140
01/19/2008,	16.920,	00.220,	00.500,	00.000,	00.000,	33.608,	06.490
01/20/2008,	09.560,	01.950,	29.400,	00.080,	26.500,	33.651,	02.770
01/21/2008,	08.870,	02.500,	43.900,	00.000,	33.100,	33.772,	01.610
01/22/2008,	09.270,	02.120,	34.700,	00.030,	29.100,	33.675,	02.380
01/23/2008,	15.770,	00.250,	01.000,	00.000,	00.000,	33.604,	06.530
01/24/2008,	17.750,	00.190,	00.000,	00.000,	00.000,	33.612,	06.450
01/25/2008,	09.540,	01.010,	15.100,	00.000,	13.500,	33.322,	04.490
01/26/2008,	12.190,	00.370,	04.700,	00.120,	01.100,	33.212,	05.520
01/27/2008,	10.920,	00.660,	09.000,	00.080,	06.600,	33.265,	05.030
01/29/2008,	18.150,	00.170,	00.000,	00.000,	00.000,	33.610,	06.300
03/25/2008,	15.120,	00.550,	01.000,	00.000,	00.000,	33.580,	06.630
03/26/2008,	15.060,	00.360,	01.000,	00.000,	00.000,	33.580,	06.590
03/27/2008,	13.110,	00.770,	06.000,	00.000,	06.500,	33.490,	05.640
03/28/2008,	10.750,	01.100,	12.000,	00.000,	13.000,	33.390,	05.020
03/29/2008,	08.620,	02.350,	47.000,	00.000,	32.200,	34.210,	01.650
03/30/2008,	08.950,	02.150,	41.000,	00.000,	30.200,	34.150,	02.150
03/31/2008,	09.710,	01.660,	28.000,	00.000,	23.500,	33.890,	03.260
04/01/2008,	16.350,	00.140,	00.000,	00.000,	00.000,	33.600,	06.290
04/02/2008,	10.500,	01.350,	21.000,	00.000,	18.600,	33.740,	03.830
04/03/2008,	09.050,	02.100,	40.000,	00.000,	29.600,	34.120,	02.200
04/04/2008,	09.280,	01.990,	36.000,	00.000,	27.700,	34.030,	02.400
04/05/2008,	10.780,	01.240,	19.000,	00.000,	15.900,	33.660,	04.260
04/06/2008,	15.780,	00.220,	00.000,	00.000,	00.000,	33.610,	06.520
04/07/2008,	14.080,	00.720,	02.000,	00.090,	05.700,	33.550,	06.370
04/07/2008,	08.580,	02.100,	39.900,	00.000,	29.800,	33.780,	02.480
04/08/2008,	12.610,	00.550,	05.000,	00.000,	03.400,	33.590,	05.890
04/08/2008,	15.660,	00.220,	00.000,	00.000,	00.000,	33.590,	06.500
04/23/2008,	13.180,	00.800,	02.000,	00.090,	06.500,	33.550,	06.620
04/24/2008,	11.180,	01.190,	11.000,	00.070,	12.900,	33.590,	05.390
04/25/2008,	10.360,	01.410,	18.000,	00.090,	16.800,	33.650,	04.720
08/14/2008,	10.000,	01.050,	11.000,	00.060,	09.000,	33.760,	05.000
08/15/2008,	11.240,	00.580,	05.000,	00.070,	03.500,	33.540,	06.100
08/16/2008,	18.560,	00.220,	01.000,	00.000,	00.000,	33.620,	06.010
08/17/2008,	18.070,	00.220,	02.000,	00.000,	00.000,	33.590,	06.000
08/18/2008,	13.020,	00.500,	03.000,	00.000,	01.600,	33.530,	06.210
08/19/2008,	16.240,	00.440,	03.000,	00.000,	00.800,	33.590,	06.130
08/20/2008,	10.990,	00.520,	22.000,	00.000,	06.200,	33.720,	03.740
08/21/2008,	17.840,	00.170,	02.000,	00.000,	00.000,	33.560,	06.520
08/22/2008,	17.800,	00.170,	02.000,	00.000,	00.000,	33.560,	06.570
08/23/2008,	13.230,	01.080,	11.000,	00.000,	06.200,	33.580,	05.040
08/24/2008,	08.580,	01.930,	35.000,	00.000,	27.800,	33.970,	02.940
08/25/2008,	09.290,	01.210,	19.000,	00.000,	15.600,	33.700,	04.530
08/26/2008,	16.350,	00.300,	02.000,	00.000,	00.000,	33.130,	05.770
08/27/2008,	15.750,	00.280,	02.000,	00.000,	00.000,	33.120,	05.950
08/28/2008,	07.830,	01.960,	43.000,	00.000,	29.600,	33.970,	03.090
08/29/2008,	08.390,	01.630,	32.000,	00.000,	24.900,	33.910,	03.660
10/14/2008,	10.880,	01.350,	18.000,	00.070,	16.700,	33.620,	03.750
10/15/2008,	09.310,	01.900,	32.000,	00.000,	26.900,	34.020,	02.840
10/16/2008,	08.850,	02.010,	36.000,	00.000,	28.600,	34.040,	02.670
10/17/2008,	19.190,	00.220,	02.000,	00.000,	00.000,	33.580,	05.680
10/18/2008,	11.630,	00.770,	09.000,	00.160,	07.100,	33.450,	05.210
10/19/2008,	16.670,	00.250,	01.000,	00.000,	00.000,	33.500,	06.360
10/20/2008,	10.800,	01.380,	18.000,	00.120,	17.200,	33.630,	03.880
10/21/2008,	08.840,	02.040,	36.000,	00.000,	28.300,	34.050,	02.600
10/22/2008,	08.370,	02.320,	44.000,	00.000,	31.600,	34.120,	01.980
10/23/2008,	13.160,	00.630,	08.000,	00.110,	04.500,	33.530,	05.610
10/24/2008,	17.600,	00.280,	01.000,	00.000,	00.000,	33.620,	06.000
10/25/2008,	19.180,	00.250,	01.000,	00.000,	00.000,	33.640,	05.440
10/26/2008,	09.370,	01.990,	33.000,	00.000,	26.700,	34.010,	02.690
10/27/2008,	09.210,	02.150,	37.000,	00.000,	27.900,	34.100,	02.360
10/28/2008,	11.150,	01.190,	15.000,	00.100,	13.800,	33.540,	04.370
10/29/2008,	12.120,	01.570,	10.000,	00.190,	06.800,	33.490,	04.670
10/30/2008,	19.010,	00.220,	00.000,	00.000,	00.000,	33.570,	05.950
01/08/2009,	10.650,	01.380,	20.000,	00.020,	17.800,	33.620,	03.920
01/08/2009,	08.690,	02.150,	41.000,	00.000,	29.700,	34.090,	02.420
01/09/2009,	08.290,	02.480,	48.000,	00.010,	33.000,	34.160,	01.890
01/10/2009,	15.660,	00.330,	01.000,	00.000,	00.000,	33.520,	06.130
01/11/2009,	17.710,	00.220,	01.000,	00.000,	00.000,	33.620,	05.910
01/11/2009,	13.450,	00.800,	09.000,	00.020,	06.600,	33.470,	05.420
01/12/2009,	18.280,	00.360,	01.000,	00.000,	00.000,	33.660,	05.820
01/13/2009,	08.610,	02.240,	44.000,	00.000,	31.200,	34.170,	01.970
01/14/2009,	13.150,	00.830,	10.000,	00.170,	07.300,	33.580,	05.220
01/15/2009,	10.760,	01.350,	19.000,	00.140,	17.100,	33.660,	03.840
01/16/2009,	08.860,	02.100,	39.000,	00.000,	29.000,	34.030,	02.430
01/17/2009,	18.220,	00.220,	02.000,	00.000,	00.100,	33.620,	06.060
01/18/2009,	19.460,	00.300,	00.000,	00.000,	00.000,	33.610,	05.790
01/19/2009,	09.090,	02.150,	37.000,	00.000,	29.500,	34.100,	02.350
01/20/2009,	09.450,	01.960,	31.000,	00.000,	26.600,	34.030,	02.710
01/21/2009,	11.430,	00.660,	07.000,	00.060,	05.400,	33.410,	05.690
01/22/2009,	12.780,	00.280,	02.000,	00.000,	00.000,	33.460,	06.220
01/23/2009,	17.500,	00.250,	01.000,	00.000,	00.000,	33.560,	05.870
03/08/2009,	15.680,	00.280,	02.000,	00.000,	00.000,	33.110,	05.710
03/09/2009,	14.890,	00.300,	02.000,	00.000,	00.000,	33.180,	05.840
03/10/2009,	10.120,	00.830,	11.000,	00.010,	09.000,	33.400,	05.110
03/11/2009,	16.250,	00.300,	02.000,	00.000,	00.000,	33.150,	05.700
03/12/2009,	08.500,	01.680,	32.000,	00.010,	25.700,	33.880,	03.560
03/13/2009,	09.390,	01.100,	16.000,	00.010,	14.500,	33.550,	04.680
03/14/2009,	13.280,	00.470,	02.000,	00.060,	01.500,	33.240,	06.020
03/14/2009,	13.730,	00.360,	02.000,	00.020,	00.400,	33.210,	06.130
03/15/2009,	08.580,	01.930,	35.000,	00.000,	28.200,	33.940,	03.040
03/15/2009,	09.290,	01.550,	24.000,	00.010,	21.800,	33.670,	03.860
03/16/2009,	15.200,	00.330,	02.000,	00.000,	00.000,	33.150,	05.330
03/16/2009,	15.180,	00.280,	02.000,	00.000,	00.000,	33.150,	06.120
03/17/2009,	13.910,	00.330,	02.000,	00.020,	00.300,	33.240,	06.060
03/17/2009,	14.870,	00.360,	01.000,	00.020,	00.200,	33.270,	06.160
03/17/2009,	14.650,	00.280,	02.000,	00.000,	00.000,	33.160,	06.120
03/18/2009,	14.900,	00.360,	01.000,	00.020,	00.100,	33.270,	06.140
03/18/2009,	08.040,	02.070,	42.000,	00.000,	30.000,	34.010,	02.820
03/19/2009,	08.880,	01.820,	31.000,	00.000,	24.700,	33.870,	03.220
03/20/2009,	13.650,	00.690,	05.000,	00.020,	04.300,	33.530,	05.680
03/21/2009,	15.430,	00.300,	00.000,	00.010,	00.400,	33.620,	06.260
03/22/2009,	15.660,	00.300,	01.000,	00.000,	00.000,	33.530,	06.160
07/15/2009,	17.680,	00.280,	00.000,	00.000,	00.000,	33.600,	05.520
07/15/2009,	10.450,	00.990,	15.000,	00.000,	12.900,	33.730,	04.890
07/16/2009,	11.280,	01.050,	11.000,	00.240,	09.400,	33.520,	05.060
07/16/2009,	15.850,	00.390,	03.000,	00.000,	00.000,	33.600,	06.080
07/17/2009,	17.420,	00.300,	02.000,	00.000,	00.100,	33.350,	05.700
07/17/2009,	10.530,	01.600,	19.000,	00.370,	17.800,	33.590,	03.890
07/18/2009,	14.090,	00.330,	04.000,	00.000,	01.900,	33.920,	05.440
07/19/2009,	16.600,	00.220,	02.000,	00.000,	00.000,	33.500,	06.050
07/20/2009,	18.570,	00.250,	02.000,	00.000,	00.000,	33.550,	05.620
07/20/2009,	18.690,	00.250,	02.000,	00.000,	00.100,	33.540,	05.550
07/21/2009,	10.670,	00.800,	09.000,	00.010,	08.000,	33.240,	05.230
07/21/2009,	16.820,	00.300,	02.000,	00.000,	00.000,	33.130,	05.700
07/22/2009,	09.810,	01.020,	14.000,	00.010,	13.100,	33.430,	04.900
07/22/2009,	16.050,	00.250,	02.000,	00.000,	00.000,	33.090,	05.840
07/23/2009,	18.690,	00.250,	02.000,	00.000,	00.000,	33.540,	05.510
07/23/2009,	09.160,	01.570,	26.000,	00.010,	22.300,	33.710,	03.800
07/24/2009,	16.850,	00.300,	02.000,	00.000,	00.000,	33.130,	05.700
07/25/2009,	08.700,	01.770,	33.000,	00.000,	26.800,	33.880,	03.700
07/26/2009,	16.370,	00.250,	02.000,	00.000,	00.000,	33.130,	05.990
07/26/2009,	16.300,	00.220,	02.000,	00.000,	00.000,	33.120,	05.880
07/27/2009,	08.870,	01.660,	29.000,	00.000,	25.000,	33.830,	03.710
07/28/2009,	16.370,	00.250,	02.000,	00.000,	00.000,	33.130,	06.010
07/29/2009,	09.650,	01.160,	16.000,	00.010,	15.400,	33.500,	04.480
07/30/2009,	15.350,	00.280,	02.000,	00.000,	00.000,	33.120,	06.080
07/31/2009,	16.590,	00.280,	02.000,	00.000,	00.000,	33.140,	05.770
08/01/2009,	16.580,	00.280,	02.000,	00.000,	00.000,	33.140,	05.760
08/02/2009,	16.590,	00.280,	02.000,	00.000,	00.000,	33.140,	05.800
08/03/2009,	08.650,	01.630,	31.000,	00.010,	25.000,	33.850,	03.650
11/06/2009,	08.010,	02.400,	48.000,	00.020,	32.200,	34.080,	01.980
11/07/2009,	17.900,	00.390,	03.000,	00.000,	00.300,	33.710,	05.850
11/08/2009,	17.460,	00.280,	03.000,	00.010,	00.200,	33.660,	05.740
11/09/2009,	10.620,	01.410,	20.000,	00.170,	17.100,	33.710,	04.030
11/10/2009,	08.740,	02.260,	40.000,	00.010,	29.500,	34.060,	02.240
11/11/2009,	11.820,	01.600,	22.000,	00.140,	19.500,	33.570,	03.540
11/12/2009,	17.440,	00.330,	03.000,	00.020,	00.300,	33.620,	05.790
11/13/2009,	09.430,	01.930,	29.000,	00.000,	24.200,	34.030,	02.800
11/14/2009,	09.220,	02.070,	33.000,	00.000,	27.200,	34.120,	02.570
11/15/2009,	17.680,	00.280,	03.000,	00.010,	00.200,	33.660,	05.810
11/16/2009,	10.510,	00.630,	06.000,	00.040,	03.900,	33.490,	06.030
11/17/2009,	11.950,	00.330,	02.000,	00.000,	00.000,	33.290,	05.900
11/18/2009,	19.890,	00.280,	02.000,	00.000,	00.000,	33.660,	05.530
11/19/2009,	17.220,	00.280,	02.000,	00.000,	00.000,	33.640,	05.520
11/20/2009,	09.480,	02.150,	33.000,	00.000,	26.900,	34.020,	02.700
11/21/2009,	10.790,	01.570,	16.000,	00.400,	15.800,	33.570,	03.940
11/22/2009,	11.630,	00.750,	08.000,	00.080,	06.100,	33.300,	05.790
11/23/2009,	09.160,	02.350,	37.000,	00.000,	29.000,	34.120,	02.200
01/13/2010,	08.480,	02.160,	43.000,	00.000,	28.700,	33.910,	03.270
01/14/2010,	14.590,	00.550,	02.000,	00.010,	01.700,	33.240,	06.050
01/15/2010,	14.590,	00.550,	02.000,	00.010,	01.700,	33.240,	06.050
01/16/2010,	09.160,	01.680,	38.000,	00.220,	24.700,	33.950,	02.480
01/17/2010,	09.170,	01.680,	37.800,	00.240,	24.700,	33.948,	02.500
01/18/2010,	09.330,	01.730,	33.000,	00.750,	24.600,	33.890,	02.900
01/19/2010,	09.350,	01.720,	33.000,	00.720,	24.500,	33.890,	02.910
01/20/2010,	10.520,	01.300,	24.000,	00.240,	15.900,	33.760,	04.390
01/23/2010,	09.810,	01.560,	29.500,	00.200,	20.200,	33.796,	03.530
01/24/2010,	09.750,	01.580,	30.000,	00.200,	20.500,	33.800,	03.470
01/25/2010,	10.640,	01.250,	23.200,	00.230,	14.800,	33.754,	04.580
01/26/2010,	11.680,	00.840,	17.000,	00.100,	05.100,	33.710,	06.270
01/27/2010,	11.760,	00.810,	16.800,	00.090,	04.300,	33.708,	06.440
01/28/2010,	12.160,	00.640,	15.000,	00.040,	00.600,	33.700,	07.310
01/29/2010,	12.160,	00.640,	15.000,	00.040,	00.600,	33.700,	07.310
01/30/2010,	07.960,	02.590,	51.000,	00.000,	34.100,	34.140,	01.600
01/31/2010,	09.690,	01.550,	24.000,	00.090,	20.000,	33.790,	03.600
02/01/2010,	08.480,	02.350,	44.000,	00.000,	31.000,	34.090,	02.000
04/27/2010,	14.820,	00.510,	02.000,	00.000,	00.300,	32.980,	06.030
04/28/2010,	14.820,	00.510,	02.000,	00.000,	00.300,	32.980,	06.030
04/29/2010,	14.780,	00.510,	02.000,	00.000,	00.200,	32.971,	06.050
04/30/2010,	07.600,	02.130,	47.400,	00.000,	30.700,	33.961,	02.190
05/01/2010,	08.400,	02.010,	38.800,	00.000,	28.300,	33.922,	02.760
05/02/2010,	14.470,	00.520,	02.000,	00.010,	00.600,	32.957,	06.080
05/02/2010,	14.770,	00.510,	02.000,	00.000,	00.200,	32.970,	06.050
05/02/2010,	08.730,	01.940,	34.100,	00.000,	26.100,	33.904,	03.210
05/03/2010,	09.490,	01.670,	22.300,	00.320,	20.200,	33.575,	04.520
05/04/2010,	08.940,	01.730,	26.200,	00.000,	22.100,	33.734,	03.770
05/05/2010,	10.780,	01.540,	17.100,	00.500,	16.800,	33.460,	05.350
05/06/2010,	09.520,	01.770,	31.000,	00.310,	22.300,	33.836,	03.660
05/13/2010,	12.410,	01.080,	12.000,	00.200,	10.300,	33.520,	06.110
05/14/2010,	12.550,	01.080,	12.000,	00.200,	10.200,	33.502,	06.110
05/15/2010,	14.560,	00.980,	09.000,	00.150,	08.400,	33.250,	06.070
05/16/2010,	14.560,	00.930,	08.100,	00.130,	07.500,	33.249,	06.070
05/17/2010,	13.760,	01.020,	11.000,	00.170,	09.300,	33.349,	06.090
07/30/2010,	16.580,	00.420,	01.000,	00.000,	00.000,	33.110,	05.770
07/31/2010,	16.580,	00.420,	01.000,	00.000,	00.000,	33.110,	05.770
08/01/2010,	16.510,	00.420,	01.000,	00.020,	00.200,	33.111,	05.690
08/02/2010,	14.230,	00.480,	01.700,	00.010,	00.200,	33.129,	05.700
08/03/2010,	16.630,	00.440,	01.000,	00.000,	00.000,	33.110,	05.720
08/04/2010,	16.670,	00.450,	01.000,	00.000,	00.000,	33.110,	05.670
08/05/2010,	16.680,	00.450,	01.000,	00.000,	00.000,	33.110,	05.670
08/06/2010,	08.800,	01.580,	28.700,	00.040,	21.600,	33.672,	03.700
08/07/2010,	08.050,	01.790,	36.000,	00.130,	26.300,	33.734,	03.500
08/08/2010,	16.730,	00.420,	01.000,	00.010,	00.000,	33.110,	05.700
08/09/2010,	16.730,	00.420,	01.000,	00.010,	00.000,	33.110,	05.700
08/10/2010,	09.120,	01.190,	15.900,	00.110,	15.400,	33.642,	04.770
08/11/2010,	09.160,	01.170,	15.000,	00.120,	15.000,	33.640,	04.840
08/12/2010,	10.780,	00.540,	04.000,	00.120,	01.400,	33.189,	06.040
08/13/2010,	10.220,	01.290,	15.000,	00.610,	15.000,	33.398,	04.770
08/14/2010,	12.120,	00.420,	02.100,	00.000,	00.000,	33.034,	06.280
08/15/2010,	14.110,	00.530,	02.000,	00.020,	00.800,	32.950,	06.120
08/16/2010,	14.140,	00.530,	02.000,	00.020,	00.800,	32.950,	06.120
10/28/2010,	10.200,	01.680,	23.900,	00.060,	20.200,	33.801,	03.390
10/29/2010,	10.010,	01.810,	26.800,	00.050,	21.900,	33.848,	03.080
10/30/2010,	09.790,	01.840,	28.900,	00.030,	22.300,	33.896,	02.810
10/31/2010,	09.770,	01.840,	29.000,	00.030,	22.300,	33.900,	02.790
11/01/2010,	10.280,	01.650,	23.000,	00.060,	19.600,	33.790,	03.470
11/02/2010,	10.660,	01.490,	18.900,	00.180,	17.000,	33.689,	03.900
11/03/2010,	13.930,	00.830,	07.800,	00.180,	05.600,	33.620,	05.440
11/04/2010,	14.900,	00.620,	05.000,	00.050,	01.700,	33.575,	05.880
11/05/2010,	14.890,	00.620,	05.000,	00.050,	01.700,	33.580,	05.900
11/06/2010,	14.440,	00.720,	06.300,	00.110,	03.500,	33.597,	05.680
11/07/2010,	14.950,	00.660,	05.000,	00.040,	01.600,	33.560,	05.710
11/08/2010,	14.950,	00.660,	05.000,	00.040,	01.600,	33.560,	05.710
11/09/2010,	09.050,	01.540,	25.300,	00.020,	24.100,	33.748,	03.850
11/10/2010,	11.580,	00.780,	06.200,	00.090,	07.100,	33.265,	05.560
11/11/2010,	10.400,	01.030,	10.900,	00.040,	13.200,	33.444,	04.850
11/12/2010,	11.680,	00.760,	06.000,	00.090,	06.700,	33.250,	05.600
01/13/2011,	09.910,	01.570,	23.300,	00.050,	24.800,	33.772,	03.230
01/14/2011,	09.490,	01.730,	28.700,	00.020,	27.700,	33.913,	02.750
01/15/2011,	09.350,	01.780,	31.000,	00.010,	28.700,	33.990,	02.580
01/16/2011,	14.430,	00.630,	05.300,	00.140,	05.300,	33.646,	05.400
01/17/2011,	16.110,	00.360,	00.000,	00.000,	00.100,	33.640,	05.600
01/17/2011,	16.120,	00.340,	00.000,	00.000,	00.100,	33.640,	05.840
01/18/2011,	08.630,	02.180,	44.000,	00.040,	29.600,	34.190,	01.650
01/19/2011,	08.960,	02.080,	39.800,	00.050,	28.100,	34.115,	02.070
01/20/2011,	09.460,	01.920,	32.900,	00.030,	26.200,	33.839,	02.400
01/21/2011,	09.420,	02.010,	34.300,	00.010,	27.200,	33.909,	02.310
01/22/2011,	09.350,	02.060,	35.400,	00.010,	27.500,	33.980,	02.250
01/23/2011,	09.630,	01.880,	30.100,	00.020,	24.700,	33.772,	02.730
01/24/2011,	09.970,	01.740,	25.700,	00.040,	23.200,	33.712,	03.090
01/25/2011,	12.660,	00.950,	09.800,	00.070,	09.900,	33.655,	05.110
01/26/2011,	10.560,	01.520,	20.500,	00.120,	20.200,	33.672,	03.640
01/27/2011,	14.850,	00.400,	00.000,	00.000,	00.000,	33.640,	06.610
01/27/2011,	15.270,	00.380,	00.000,	00.000,	00.000,	33.640,	06.860
01/28/2011,	15.270,	00.380,	00.000,	00.000,	00.000,	33.640,	06.860
01/29/2011,	09.600,	01.870,	31.000,	00.020,	24.200,	33.970,	02.510
01/30/2011,	09.610,	01.870,	30.800,	00.020,	24.000,	33.964,	02.530
04/09/2011,	15.060,	00.510,	01.000,	00.000,	00.900,	33.170,	05.830
04/10/2011,	15.060,	00.510,	01.000,	00.000,	00.900,	33.170,	05.830
04/11/2011,	15.070,	00.510,	01.000,	00.020,	01.000,	33.170,	05.830
04/12/2011,	15.070,	00.510,	01.000,	00.020,	01.000,	33.170,	05.830
04/13/2011,	15.070,	00.500,	01.000,	00.020,	01.100,	33.184,	05.810
04/14/2011,	08.900,	01.730,	29.000,	00.010,	26.100,	33.860,	03.270
04/15/2011,	08.910,	01.730,	28.800,	00.010,	26.100,	33.854,	03.280
04/16/2011,	09.180,	01.580,	24.000,	00.020,	23.400,	33.723,	03.730
04/17/2011,	14.750,	00.490,	02.000,	00.040,	00.700,	33.525,	05.900
04/18/2011,	11.500,	00.670,	05.500,	00.130,	05.200,	33.565,	05.490
04/19/2011,	09.630,	01.230,	16.200,	00.060,	16.500,	33.629,	04.480
04/20/2011,	15.060,	00.470,	02.000,	00.030,	00.600,	33.508,	05.930
04/21/2011,	15.110,	00.480,	02.000,	00.030,	00.600,	33.503,	05.930
04/22/2011,	15.130,	00.490,	02.000,	00.030,	00.500,	33.500,	05.930
04/23/2011,	08.510,	02.020,	39.600,	00.010,	33.300,	34.101,	02.180
04/24/2011,	15.130,	00.490,	03.000,	00.040,	00.500,	33.510,	05.910
04/25/2011,	08.920,	01.870,	34.800,	00.010,	30.800,	34.038,	02.470
04/26/2011,	09.170,	01.820,	32.800,	00.010,	29.600,	34.008,	02.540
07/27/2011,	09.810,	01.730,	29.000,	00.080,	22.800,	33.889,	02.920
07/28/2011,	09.440,	01.870,	36.000,	00.020,	26.300,	34.050,	02.360
07/29/2011,	09.400,	01.910,	36.300,	00.020,	26.500,	34.053,	02.330
07/30/2011,	09.250,	02.040,	37.400,	00.030,	27.200,	34.064,	02.190
07/31/2011,	11.630,	01.290,	17.200,	00.170,	14.500,	33.745,	04.040
08/01/2011,	14.490,	00.740,	06.700,	00.200,	05.000,	33.664,	05.140
08/02/2011,	17.560,	00.350,	00.700,	00.010,	00.200,	33.630,	03.700
08/03/2011,	08.630,	01.650,	28.000,	00.030,	26.000,	33.687,	03.490
08/04/2011,	18.650,	00.290,	00.000,	00.010,	00.000,	33.630,	05.970
08/05/2011,	18.380,	00.270,	00.000,	00.000,	00.000,	33.630,	02.880
08/06/2011,	09.510,	01.150,	14.600,	00.070,	16.300,	33.611,	04.500
08/07/2011,	10.100,	00.920,	09.000,	00.130,	11.400,	33.580,	04.970
08/08/2011,	10.170,	00.920,	09.000,	00.150,	11.300,	33.560,	05.050
08/09/2011,	10.820,	00.960,	09.000,	00.240,	10.400,	33.421,	05.660
08/10/2011,	11.550,	00.600,	03.500,	00.060,	02.200,	33.319,	06.120
08/11/2011,	14.390,	00.490,	01.200,	00.020,	01.000,	33.244,	05.860
08/12/2011,	15.070,	00.500,	01.000,	00.020,	01.100,	33.201,	05.800
10/16/2011,	08.910,	02.680,	57.800,	00.030,	38.500,	34.166,	01.470
10/17/2011,	09.000,	02.700,	57.000,	00.090,	39.300,	34.150,	01.540
10/18/2011,	08.890,	02.670,	58.000,	00.010,	38.300,	34.170,	01.450
10/19/2011,	15.030,	00.800,	06.000,	00.070,	03.700,	33.610,	05.880
10/20/2011,	09.120,	02.310,	44.300,	00.010,	33.200,	34.040,	02.010
10/21/2011,	09.350,	02.000,	34.000,	00.000,	27.700,	33.950,	02.250
10/22/2011,	09.700,	01.890,	30.500,	00.000,	25.100,	33.861,	02.570
10/23/2011,	11.840,	01.460,	18.300,	00.120,	14.900,	33.607,	04.360
10/24/2011,	10.520,	01.480,	22.000,	00.000,	18.300,	33.760,	03.440
10/25/2011,	10.330,	01.550,	23.800,	00.000,	19.500,	33.774,	03.240
10/26/2011,	16.640,	00.680,	02.800,	00.000,	00.500,	33.577,	05.840
10/27/2011,	17.940,	00.380,	01.400,	00.000,	00.300,	33.589,	06.070
10/28/2011,	18.390,	00.290,	00.000,	00.000,	00.100,	33.610,	06.280
10/29/2011,	18.380,	00.470,	00.000,	00.000,	00.100,	33.600,	06.250
10/30/2011,	18.390,	00.310,	00.000,	00.000,	00.100,	33.609,	06.280
10/31/2011,	18.380,	00.470,	00.000,	00.000,	00.100,	33.600,	06.250
11/01/2011,	09.040,	02.090,	40.600,	00.040,	28.100,	34.088,	01.920
01/28/2012,	10.160,	01.670,	25.700,	00.000,	25.100,	33.772,	03.040
01/29/2012,	09.980,	01.740,	28.100,	00.000,	26.500,	33.822,	02.880
01/30/2012,	19.600,	00.200,	00.000,	00.000,	00.100,	33.660,	05.800
01/31/2012,	10.300,	01.580,	23.200,	00.010,	23.500,	33.723,	03.240
02/01/2012,	10.520,	01.440,	20.000,	00.040,	20.700,	33.680,	03.620
02/02/2012,	10.610,	01.410,	19.100,	00.090,	19.900,	33.664,	03.740
02/03/2012,	18.190,	00.160,	00.000,	00.000,	00.000,	33.520,	06.300
02/04/2012,	15.440,	00.380,	03.000,	00.000,	00.000,	33.470,	06.130
02/05/2012,	14.100,	00.620,	05.000,	00.070,	02.000,	33.482,	05.520
02/06/2012,	09.740,	01.760,	28.000,	00.110,	23.000,	33.900,	02.800
02/07/2012,	09.750,	01.760,	27.800,	00.100,	23.000,	33.888,	02.810
02/08/2012,	10.390,	01.630,	22.700,	00.210,	20.500,	33.709,	03.470
02/09/2012,	10.000,	01.690,	25.300,	00.100,	22.100,	33.796,	03.080
02/10/2012,	11.600,	01.230,	15.800,	00.240,	14.200,	33.643,	04.300
02/11/2012,	11.700,	01.170,	15.000,	00.220,	13.400,	33.640,	04.360
02/12/2012,	12.970,	00.980,	10.600,	00.140,	08.300,	33.609,	05.100
03/25/2012,	16.390,	00.320,	02.000,	00.000,	00.000,	33.540,	04.890
03/26/2012,	15.640,	00.470,	04.000,	00.000,	01.300,	33.550,	04.910
03/27/2012,	15.460,	00.490,	04.300,	00.010,	01.600,	33.552,	04.910
03/28/2012,	16.390,	00.320,	02.000,	00.000,	00.000,	33.540,	04.890
03/29/2012,	09.420,	02.140,	38.800,	00.000,	32.500,	34.027,	01.870
03/30/2012,	09.510,	01.980,	35.700,	00.000,	31.300,	33.973,	02.210
03/31/2012,	09.700,	01.900,	32.800,	00.000,	30.000,	33.947,	02.420
04/01/2012,	09.850,	01.850,	30.000,	00.000,	28.500,	33.930,	02.640
04/02/2012,	19.610,	00.160,	00.000,	00.000,	00.100,	33.660,	05.810
04/03/2012,	16.150,	00.400,	01.400,	00.030,	02.700,	33.642,	05.710
04/04/2012,	10.190,	01.540,	21.900,	00.030,	23.100,	33.678,	03.500
04/06/2012,	09.910,	01.790,	28.500,	00.000,	27.700,	33.845,	02.790
07/03/2012,	10.550,	01.440,	19.000,	00.090,	19.700,	34.102,	03.800
07/10/2012,	12.050,	00.800,	06.700,	00.160,	08.300,	33.796,	05.520
07/11/2012,	10.280,	01.650,	23.500,	00.090,	22.300,	33.977,	03.110
07/12/2012,	10.250,	01.710,	25.000,	00.090,	22.900,	33.870,	02.870
07/13/2012,	13.980,	00.500,	03.800,	00.070,	03.400,	33.635,	06.320
07/14/2012,	16.010,	00.320,	02.000,	00.000,	00.000,	33.460,	06.830
07/15/2012,	16.270,	00.340,	02.000,	00.000,	00.000,	33.460,	06.820
07/16/2012,	17.820,	00.490,	02.000,	00.000,	00.000,	33.460,	06.640
07/17/2012,	09.200,	02.060,	37.700,	00.000,	31.200,	34.014,	02.000
07/18/2012,	17.820,	00.490,	02.000,	00.000,	00.000,	33.460,	06.640
07/19/2012,	09.560,	02.010,	33.700,	00.000,	29.200,	33.938,	02.400
07/20/2012,	09.810,	01.830,	29.900,	00.000,	26.900,	33.901,	02.580
07/21/2012,	09.980,	01.680,	27.200,	00.000,	24.200,	33.864,	02.680
07/22/2012,	10.190,	01.590,	23.800,	00.000,	22.200,	33.781,	03.020
07/23/2012,	10.050,	01.630,	26.000,	00.000,	23.100,	33.850,	02.720
07/24/2012,	10.800,	01.310,	16.900,	00.100,	17.000,	33.672,	03.750
07/25/2012,	12.010,	00.960,	10.000,	00.230,	09.300,	33.600,	04.540
07/26/2012,	13.620,	00.730,	06.900,	00.150,	05.000,	33.572,	04.810
10/19/2012,	18.990,	00.140,	00.000,	00.000,	00.100,	33.660,	05.150
10/20/2012,	18.990,	00.140,	00.000,	00.000,	00.100,	33.660,	05.540
10/21/2012,	17.200,	00.230,	01.100,	00.000,	00.100,	33.648,	05.640
10/22/2012,	12.060,	00.540,	08.400,	00.020,	03.500,	33.637,	05.100
10/23/2012,	19.030,	00.160,	00.000,	00.000,	00.000,	33.660,	05.420
10/24/2012,	19.030,	00.160,	00.000,	00.000,	00.000,	33.660,	05.420
10/25/2012,	09.370,	01.870,	31.700,	00.030,	25.400,	33.516,	02.850
10/26/2012,	11.060,	01.290,	17.200,	00.370,	15.900,	33.532,	04.340
10/27/2012,	09.150,	01.980,	34.800,	00.020,	26.500,	33.536,	02.610
10/28/2012,	08.990,	02.090,	38.100,	00.010,	27.700,	33.576,	02.370
10/29/2012,	20.300,	00.250,	00.000,	00.010,	00.100,	33.590,	05.670
10/30/2012,	20.310,	00.250,	00.000,	00.010,	00.100,	33.594,	05.660
10/31/2012,	20.350,	00.250,	00.000,	00.000,	00.100,	33.620,	05.620
11/01/2012,	09.610,	01.950,	34.600,	00.080,	27.900,	34.036,	02.270
11/02/2012,	20.350,	00.250,	00.000,	00.000,	00.100,	33.620,	05.620
11/03/2012,	10.000,	01.840,	29.500,	00.040,	25.400,	33.943,	02.590
11/04/2012,	10.150,	01.770,	26.900,	00.070,	23.900,	33.897,	02.720
11/05/2012,	18.070,	00.290,	01.400,	00.020,	00.400,	33.574,	06.190
01/11/2013,	11.930,	00.730,	07.600,	00.150,	05.800,	33.624,	05.070
01/12/2013,	10.610,	01.080,	17.200,	00.050,	11.700,	33.695,	03.920
01/13/2013,	09.810,	01.530,	27.100,	00.000,	18.200,	33.833,	02.970
01/14/2013,	15.470,	00.450,	02.100,	00.090,	02.300,	33.598,	05.290
01/15/2013,	17.130,	00.330,	00.600,	00.040,	00.900,	33.592,	05.340
01/16/2013,	18.490,	00.230,	00.000,	00.000,	00.000,	33.590,	05.360
01/17/2013,	18.490,	00.230,	00.100,	00.000,	00.000,	33.589,	05.390
01/18/2013,	18.480,	00.230,	01.000,	00.000,	00.000,	33.580,	05.610
01/19/2013,	18.480,	00.230,	01.000,	00.000,	00.000,	33.580,	05.610
01/20/2013,	08.800,	01.820,	40.500,	00.020,	25.500,	34.045,	02.040
01/21/2013,	09.080,	01.690,	35.400,	00.010,	24.200,	33.998,	02.410
01/22/2013,	09.380,	01.410,	32.000,	00.030,	19.800,	33.970,	02.670
01/23/2013,	09.300,	01.470,	32.900,	00.030,	20.800,	33.975,	02.600
01/24/2013,	09.890,	01.220,	25.800,	00.010,	17.000,	33.804,	03.140
01/25/2013,	10.600,	00.880,	16.700,	00.010,	10.800,	33.681,	04.070
04/07/2013,	08.970,	01.600,	38.400,	00.050,	23.400,	33.704,	02.620
04/08/2013,	10.430,	00.720,	10.600,	00.060,	08.100,	33.455,	05.010
04/09/2013,	12.800,	00.410,	03.100,	00.040,	00.300,	33.396,	05.940
04/10/2013,	15.500,	00.410,	01.000,	00.000,	00.000,	33.383,	05.830
04/11/2013,	09.490,	01.210,	19.600,	00.060,	16.600,	33.578,	04.250
04/12/2013,	08.870,	01.840,	43.000,	00.020,	27.300,	33.802,	02.160
04/13/2013,	09.140,	01.480,	29.900,	00.030,	21.000,	33.656,	03.350
04/14/2013,	09.450,	01.230,	21.000,	00.060,	17.000,	33.620,	04.150
04/15/2013,	15.260,	00.400,	01.000,	00.000,	00.000,	33.382,	05.840
04/16/2013,	15.790,	00.420,	01.000,	00.000,	00.000,	33.400,	05.830
04/17/2013,	15.790,	00.420,	01.000,	00.000,	00.000,	33.400,	05.830
04/18/2013,	15.750,	00.420,	01.000,	00.000,	00.000,	33.389,	05.810
04/19/2013,	15.770,	00.420,	01.000,	00.000,	00.000,	33.390,	05.810
04/20/2013,	09.130,	01.910,	37.300,	00.010,	21.800,	34.035,	02.160
04/21/2013,	08.830,	02.080,	43.200,	00.020,	25.000,	34.079,	01.830
04/22/2013,	09.480,	01.710,	33.000,	00.000,	20.300,	34.014,	02.440
04/23/2013,	09.560,	01.660,	32.000,	00.000,	19.900,	34.010,	02.520
07/06/2013,	09.250,	01.430,	23.600,	00.000,	19.300,	33.520,	04.240
07/07/2013,	08.130,	01.840,	41.300,	00.000,	26.700,	33.642,	03.250
07/08/2013,	17.490,	00.400,	01.000,	00.000,	00.000,	33.230,	05.600
07/09/2013,	17.490,	00.400,	01.000,	00.000,	00.000,	33.230,	05.600
07/10/2013,	09.590,	01.310,	18.300,	00.000,	16.600,	33.459,	04.590
07/11/2013,	09.620,	01.300,	18.000,	00.000,	16.400,	33.300,	04.610
07/12/2013,	12.460,	00.610,	04.400,	00.300,	02.400,	33.340,	05.900
07/13/2013,	15.880,	00.450,	01.000,	00.000,	00.000,	33.240,	06.010
07/14/2013,	15.890,	00.450,	01.000,	00.000,	00.000,	33.236,	06.010
07/15/2013,	16.080,	00.450,	01.000,	00.000,	00.000,	33.198,	05.970
07/16/2013,	16.420,	00.450,	01.100,	00.000,	00.000,	33.168,	05.910
07/17/2013,	16.350,	00.450,	01.000,	00.000,	00.000,	33.170,	05.920
07/18/2013,	16.890,	00.450,	02.000,	00.000,	00.000,	33.160,	05.860
07/19/2013,	16.890,	00.450,	02.000,	00.000,	00.000,	33.160,	05.860
07/20/2013,	15.020,	00.470,	01.100,	00.000,	00.000,	33.282,	06.110
07/21/2013,	10.630,	00.900,	09.400,	00.000,	09.000,	33.399,	05.310
11/09/2013,	16.820,	00.820,	03.000,	00.010,	00.000,	33.130,	05.640
11/10/2013,	16.760,	00.930,	03.000,	00.030,	00.000,	33.128,	05.650
11/11/2013,	16.690,	01.010,	03.000,	00.060,	00.000,	33.130,	05.660
11/12/2013,	16.840,	00.810,	02.900,	00.030,	00.000,	33.131,	05.610
11/13/2013,	17.000,	00.760,	02.000,	00.210,	00.000,	33.140,	05.420
11/14/2013,	17.000,	00.760,	02.000,	00.210,	00.000,	33.140,	05.420
11/15/2013,	08.770,	01.740,	30.000,	00.000,	23.100,	33.522,	03.240
11/16/2013,	10.530,	01.050,	10.900,	00.010,	10.300,	33.362,	04.980
11/17/2013,	09.640,	01.410,	19.200,	00.010,	16.900,	33.414,	04.140
11/18/2013,	11.730,	00.750,	05.300,	00.050,	04.800,	33.292,	05.500
11/19/2013,	12.720,	00.530,	02.800,	00.040,	01.300,	33.243,	05.960
11/20/2013,	17.080,	00.410,	01.000,	00.000,	00.000,	33.223,	05.620
11/21/2013,	14.560,	00.420,	01.700,	00.000,	00.000,	33.220,	06.070
11/22/2013,	17.140,	00.400,	01.000,	00.000,	00.000,	33.230,	05.610
11/23/2013,	17.190,	00.400,	01.000,	00.000,	00.000,	33.230,	05.610
11/24/2013,	17.010,	00.420,	01.000,	00.000,	00.000,	33.219,	05.630
11/25/2013,	10.790,	00.960,	09.000,	00.010,	08.600,	33.350,	05.180
01/29/2014,	09.720,	01.400,	21.100,	00.010,	15.300,	33.579,	04.150
01/30/2014,	08.490,	01.960,	40.500,	00.010,	26.000,	33.863,	03.000
01/31/2014,	21.190,	00.230,	00.000,	00.000,	00.000,	33.780,	05.500
02/01/2014,	10.760,	01.240,	14.200,	00.000,	09.900,	33.407,	04.840
02/02/2014,	10.990,	01.210,	13.000,	00.000,	08.800,	33.370,	04.980
02/03/2014,	11.740,	00.920,	07.300,	00.050,	04.300,	33.273,	05.460
02/04/2014,	12.940,	00.740,	04.100,	00.070,	00.900,	33.191,	05.940
02/05/2014,	14.910,	00.790,	03.000,	00.070,	00.000,	33.145,	05.990
03/29/2014,	10.900,	01.120,	12.200,	00.080,	08.600,	33.597,	04.670
04/02/2014,	10.080,	01.510,	22.000,	00.030,	14.300,	33.690,	03.550
04/03/2014,	09.760,	01.650,	27.000,	00.030,	16.600,	33.840,	03.110
04/04/2014,	19.170,	00.200,	02.000,	00.000,	00.000,	33.630,	05.680
04/05/2014,	13.210,	00.640,	03.000,	00.100,	01.900,	33.577,	05.750
04/06/2014,	16.570,	00.410,	00.900,	00.000,	00.000,	33.595,	05.980
04/07/2014,	18.280,	00.350,	00.300,	00.000,	00.000,	33.612,	05.740
04/08/2014,	19.410,	00.340,	00.000,	00.000,	00.000,	33.630,	05.490
04/09/2014,	19.380,	00.320,	00.000,	00.000,	00.000,	33.630,	05.510
04/10/2014,	19.410,	00.340,	00.000,	00.000,	00.000,	33.630,	05.490
04/11/2014,	10.660,	01.330,	19.900,	00.040,	13.800,	33.651,	03.880
04/12/2014,	11.350,	01.010,	13.400,	00.120,	09.700,	33.652,	04.750
04/13/2014,	21.150,	00.230,	00.000,	00.000,	00.000,	33.780,	05.520
04/14/2014,	18.770,	00.290,	00.900,	00.000,	00.000,	33.743,	06.100
04/15/2014,	21.150,	00.230,	00.000,	00.000,	00.000,	33.780,	05.520
04/16/2014,	21.190,	00.230,	00.000,	00.000,	00.000,	33.780,	05.500
04/17/2014,	19.380,	00.320,	00.000,	00.000,	00.000,	33.630,	05.510
07/06/2014,	13.520,	00.490,	02.700,	00.000,	00.000,	33.428,	06.100
07/07/2014,	13.230,	00.540,	03.000,	00.000,	00.000,	33.416,	06.180
07/08/2014,	12.650,	00.850,	06.300,	00.140,	02.500,	33.432,	05.460
07/09/2014,	15.310,	00.390,	02.000,	00.000,	00.000,	33.451,	07.100
07/10/2014,	20.410,	00.330,	01.000,	00.000,	00.000,	33.557,	05.760
07/11/2014,	09.440,	01.880,	36.000,	00.000,	28.100,	34.100,	02.390
07/12/2014,	09.460,	01.870,	36.000,	00.000,	28.100,	34.095,	02.400
07/13/2014,	09.640,	01.840,	35.000,	00.000,	27.300,	33.960,	02.510
07/14/2014,	09.550,	01.840,	36.000,	00.000,	28.000,	34.070,	02.460
07/15/2014,	09.800,	01.650,	31.100,	00.000,	24.600,	33.865,	02.800
07/16/2014,	10.600,	01.040,	20.900,	00.090,	17.700,	33.679,	03.730
07/17/2014,	11.500,	00.930,	11.800,	00.130,	09.500,	33.552,	04.910
07/18/2014,	16.230,	00.260,	03.000,	00.030,	00.000,	33.540,	06.200
07/19/2014,	10.680,	00.980,	20.000,	00.120,	17.100,	33.660,	03.750
07/20/2014,	17.730,	00.230,	02.500,	00.010,	00.000,	33.572,	06.030
07/21/2014,	10.210,	01.420,	25.100,	00.010,	20.800,	33.771,	03.270
11/08/2014,	10.440,	01.900,	25.900,	00.020,	21.500,	33.707,	02.890
11/09/2014,	10.630,	01.850,	24.700,	00.020,	20.600,	33.639,	02.910
11/10/2014,	10.220,	02.140,	31.600,	00.010,	24.000,	33.853,	02.320
11/11/2014,	20.890,	00.330,	01.000,	00.000,	00.000,	33.666,	05.320
11/12/2014,	10.770,	01.790,	23.400,	00.020,	19.500,	33.574,	02.970
11/13/2014,	10.900,	01.580,	21.000,	00.080,	17.200,	33.512,	03.390
11/14/2014,	11.450,	01.090,	12.000,	00.310,	11.100,	33.859,	04.520
11/15/2014,	13.730,	00.510,	01.400,	00.030,	01.000,	33.386,	06.100
11/16/2014,	12.820,	00.640,	02.800,	00.090,	03.200,	33.408,	05.830
11/17/2014,	15.160,	00.430,	00.100,	00.000,	00.000,	33.372,	06.270
11/18/2014,	19.260,	00.370,	01.000,	00.000,	00.000,	33.515,	05.750
11/19/2014,	19.260,	00.370,	01.000,	00.000,	00.000,	33.515,	05.750
11/20/2014,	10.790,	01.640,	21.000,	00.130,	17.400,	33.817,	03.470
11/21/2014,	10.930,	01.500,	19.000,	00.160,	15.800,	33.602,	03.780
11/22/2014,	11.340,	01.500,	16.000,	00.380,	13.000,	33.501,	04.020
11/23/2014,	14.550,	00.440,	00.000,	00.000,	00.000,	33.367,	06.340
01/15/2015,	10.020,	01.760,	34.400,	00.030,	24.300,	33.747,	02.110
01/16/2015,	10.270,	01.660,	27.800,	00.010,	21.200,	33.636,	02.710
01/17/2015,	20.220,	00.150,	01.000,	00.000,	00.000,	33.654,	05.340
01/18/2015,	20.220,	00.150,	01.000,	00.000,	00.000,	33.654,	05.340
01/19/2015,	10.740,	01.670,	26.700,	00.040,	20.700,	33.583,	02.550
01/20/2015,	10.930,	01.550,	23.800,	00.040,	19.100,	33.531,	02.820
01/21/2015,	10.980,	01.090,	16.600,	00.070,	14.100,	33.481,	04.040
01/22/2015,	15.600,	00.190,	03.800,	00.040,	00.700,	33.423,	05.910
01/23/2015,	12.700,	00.410,	06.000,	00.100,	01.400,	33.393,	05.880
01/24/2015,	18.250,	00.040,	02.000,	00.000,	00.000,	33.452,	05.950
01/25/2015,	18.430,	00.110,	01.000,	00.000,	00.000,	33.464,	05.830
01/26/2015,	09.750,	02.190,	34.700,	00.010,	24.800,	34.029,	02.390
01/27/2015,	10.220,	02.100,	31.800,	00.020,	23.600,	33.982,	02.310
01/28/2015,	10.390,	02.030,	30.700,	00.020,	23.000,	33.960,	02.370
01/29/2015,	10.490,	01.980,	30.000,	00.020,	22.600,	33.946,	02.410
01/30/2015,	10.850,	01.320,	16.500,	00.050,	14.800,	33.752,	04.190
01/31/2015,	10.540,	01.850,	27.400,	00.020,	21.500,	33.881,	02.750
02/01/2015,	17.710,	00.280,	00.500,	00.000,	00.000,	33.676,	05.930
02/02/2015,	20.370,	00.220,	00.000,	00.000,	00.000,	33.685,	05.500
04/04/2015,	18.000,	00.270,	01.000,	00.010,	00.000,	33.642,	05.960
04/05/2015,	11.560,	01.050,	11.400,	00.190,	10.400,	33.629,	04.780
04/06/2015,	10.350,	01.610,	21.000,	00.070,	18.500,	33.711,	03.610
04/07/2015,	10.270,	02.090,	29.900,	00.030,	23.300,	33.934,	02.610
04/08/2015,	20.830,	00.220,	01.000,	00.010,	00.000,	33.660,	05.300
04/09/2015,	20.830,	00.220,	01.000,	00.010,	00.000,	33.661,	05.300
04/10/2015,	20.830,	00.220,	01.000,	00.000,	00.000,	33.668,	05.330
04/11/2015,	09.540,	01.660,	28.900,	00.020,	20.800,	33.686,	03.000
04/12/2015,	20.830,	00.220,	01.000,	00.000,	00.000,	33.668,	05.330
04/13/2015,	09.680,	01.410,	23.200,	00.020,	18.000,	33.628,	03.680
04/14/2015,	10.130,	01.160,	17.000,	00.020,	14.200,	33.571,	04.230
04/15/2015,	12.700,	00.420,	04.100,	00.030,	01.300,	33.441,	06.070
04/16/2015,	11.020,	00.890,	10.800,	00.080,	09.200,	33.435,	04.850
04/17/2015,	17.470,	00.230,	01.100,	00.000,	00.000,	33.515,	05.820
04/18/2015,	19.260,	00.210,	01.000,	00.000,	00.000,	33.567,	05.510
04/19/2015,	20.090,	00.200,	01.000,	00.000,	00.000,	33.627,	05.320
07/08/2015,	20.160,	00.170,	01.000,	00.010,	00.000,	33.560,	05.520
07/09/2015,	20.160,	00.170,	01.000,	00.010,	00.000,	33.560,	05.520
07/11/2015,	20.160,	00.150,	01.000,	00.020,	00.000,	33.552,	05.560
07/12/2015,	17.350,	00.240,	02.000,	00.010,	00.000,	33.426,	05.900
07/12/2015,	19.030,	00.190,	01.500,	00.020,	00.000,	33.483,	05.720
07/13/2015,	10.750,	02.030,	30.600,	00.010,	19.600,	34.071,	02.030
07/14/2015,	11.310,	01.690,	23.300,	00.020,	17.000,	33.935,	02.750
07/15/2015,	11.440,	01.580,	21.000,	00.020,	16.200,	33.855,	02.990
07/16/2015,	13.200,	00.590,	08.700,	00.150,	02.400,	33.437,	05.360
07/17/2015,	12.240,	01.160,	15.000,	00.020,	11.900,	33.573,	03.760
07/18/2015,	11.720,	01.420,	18.500,	00.020,	14.300,	33.673,	03.150
07/19/2015,	10.250,	02.200,	32.000,	00.030,	24.200,	34.030,	02.370
07/20/2015,	10.260,	02.280,	34.600,	00.020,	25.600,	34.042,	02.000
07/21/2015,	10.270,	02.400,	36.000,	00.020,	26.500,	34.060,	01.730
07/22/2015,	16.720,	00.170,	06.000,	00.000,	00.000,	33.434,	06.430
07/23/2015,	13.680,	00.370,	06.000,	00.020,	00.000,	33.395,	05.920
07/24/2015,	11.530,	01.510,	19.800,	00.020,	15.400,	33.767,	03.100
10/29/2015,	08.880,	02.040,	37.500,	00.030,	22.100,	33.663,	02.590
10/30/2015,	19.310,	00.240,	02.000,	00.020,	00.000,	33.456,	05.240
10/31/2015,	09.730,	01.550,	22.800,	00.040,	16.400,	33.517,	03.790
10/31/2015,	09.300,	01.870,	31.100,	00.030,	19.900,	33.561,	03.270
11/01/2015,	10.490,	01.170,	14.200,	00.060,	11.700,	33.476,	04.400
11/02/2015,	11.500,	00.870,	08.400,	00.120,	07.000,	33.440,	04.950
11/03/2015,	17.960,	00.170,	04.000,	00.010,	00.000,	33.424,	06.170
11/04/2015,	09.860,	01.400,	18.600,	00.130,	11.500,	33.542,	04.050
11/05/2015,	11.780,	00.690,	06.500,	00.280,	03.900,	33.472,	05.350
11/06/2015,	10.590,	01.200,	13.700,	00.240,	07.800,	33.504,	04.490
11/07/2015,	13.030,	00.350,	02.400,	00.050,	00.500,	33.445,	06.120
11/08/2015,	17.100,	00.240,	02.000,	00.010,	00.000,	33.427,	05.930
11/09/2015,	09.620,	01.580,	23.500,	00.000,	14.800,	33.584,	03.530
11/10/2015,	18.650,	00.200,	03.000,	00.010,	00.000,	33.459,	05.970
11/11/2015,	15.780,	00.310,	05.000,	00.020,	00.000,	33.384,	05.980
11/12/2015,	17.010,	00.210,	04.600,	00.010,	00.000,	33.396,	06.070
01/07/2016,	14.700,	00.240,	01.900,	00.000,	00.000,	33.358,	05.910
01/08/2016,	13.030,	00.430,	03.900,	00.060,	01.600,	33.354,	05.500
01/09/2016,	11.670,	00.770,	09.100,	00.060,	05.800,	33.360,	04.810
01/10/2016,	10.650,	01.140,	16.100,	00.020,	10.800,	33.376,	04.110
01/11/2016,	19.380,	00.220,	02.000,	00.000,	00.000,	33.387,	05.390
01/12/2016,	19.440,	00.200,	01.500,	00.000,	00.000,	33.393,	05.380
01/13/2016,	19.500,	00.170,	01.000,	00.000,	00.000,	33.410,	05.370
01/14/2016,	10.030,	01.200,	16.600,	00.060,	10.300,	33.552,	04.440
01/15/2016,	19.680,	00.170,	01.000,	00.000,	00.000,	33.411,	05.170
01/16/2016,	10.670,	00.980,	12.100,	00.070,	08.000,	33.518,	04.680
01/17/2016,	11.840,	00.700,	07.800,	00.080,	04.600,	33.489,	05.080
01/18/2016,	13.780,	00.360,	02.800,	00.050,	00.000,	33.465,	05.750
01/19/2016,	15.480,	00.260,	01.000,	00.040,	00.000,	33.445,	05.950
01/20/2016,	15.630,	00.260,	01.000,	00.040,	00.000,	33.444,	05.970
01/21/2016,	18.530,	00.230,	01.500,	00.030,	00.000,	33.447,	05.540
01/22/2016,	19.300,	00.240,	02.000,	00.030,	00.000,	33.460,	05.380
01/23/2016,	19.300,	00.240,	02.000,	00.030,	00.000,	33.460,	05.360
01/24/2016,	19.310,	00.240,	02.000,	00.020,	00.000,	33.456,	05.240
04/01/2016,	17.360,	00.260,	01.000,	00.000,	00.000,	33.267,	05.670
04/02/2016,	18.140,	00.250,	01.000,	00.000,	00.000,	33.311,	05.540
04/03/2016,	14.860,	00.240,	01.000,	00.010,	00.000,	33.192,	06.130
04/04/2016,	18.500,	00.240,	01.000,	00.000,	00.000,	33.352,	05.500
04/05/2016,	18.500,	00.260,	01.000,	00.000,	00.000,	33.346,	05.500
04/06/2016,	11.390,	00.810,	08.700,	00.000,	05.600,	33.386,	04.880
04/07/2016,	13.260,	00.330,	01.800,	00.000,	00.000,	33.323,	05.890
04/08/2016,	19.050,	00.340,	01.500,	00.000,	00.000,	33.384,	05.430
04/09/2016,	12.360,	00.500,	04.000,	00.000,	01.500,	33.351,	05.460
04/10/2016,	15.570,	00.280,	01.000,	00.000,	00.000,	33.300,	05.950
04/11/2016,	17.810,	00.330,	01.000,	00.000,	00.000,	33.287,	05.600
04/12/2016,	19.850,	00.350,	02.000,	00.000,	00.000,	33.458,	05.330
04/13/2016,	09.260,	01.550,	28.300,	00.010,	16.100,	33.438,	03.600
04/14/2016,	19.870,	00.330,	02.000,	00.000,	00.000,	33.459,	05.320
04/15/2016,	19.850,	00.350,	02.000,	00.000,	00.000,	33.458,	05.330
04/16/2016,	19.870,	00.330,	02.000,	00.000,	00.000,	33.459,	05.320
07/10/2016,	09.000,	01.710,	32.000,	00.020,	21.300,	33.725,	03.150
07/11/2016,	09.590,	01.360,	22.000,	00.020,	17.200,	33.601,	03.870
07/12/2016,	19.820,	00.150,	01.000,	00.000,	00.000,	33.536,	05.340
07/13/2016,	19.750,	00.130,	01.000,	00.000,	00.000,	33.532,	05.350
07/14/2016,	10.010,	01.080,	15.900,	00.030,	13.400,	33.543,	04.450
07/15/2016,	10.640,	00.810,	10.000,	00.070,	09.300,	33.488,	04.980
07/16/2016,	11.640,	00.550,	05.200,	00.100,	04.900,	33.436,	05.450
07/17/2016,	16.220,	00.280,	05.000,	00.010,	00.000,	33.426,	06.050
07/18/2016,	15.390,	00.300,	04.500,	00.090,	00.100,	33.395,	05.930
07/19/2016,	14.700,	00.310,	04.000,	00.160,	00.200,	33.348,	05.770
07/20/2016,	17.440,	00.240,	04.000,	00.000,	00.000,	33.414,	05.920
07/21/2016,	08.840,	01.750,	32.700,	00.130,	16.900,	33.497,	03.080
07/22/2016,	11.830,	00.460,	04.600,	00.060,	02.300,	33.277,	05.590
07/23/2016,	10.720,	00.690,	10.500,	00.050,	05.200,	33.326,	04.960
07/24/2016,	09.810,	00.960,	18.300,	00.010,	08.200,	33.378,	04.190
07/25/2016,	13.100,	00.280,	01.900,	00.010,	00.000,	33.233,	05.920
07/26/2016,	14.770,	00.240,	01.000,	00.010,	00.000,	33.193,	06.120
11/06/2016,	14.810,	00.280,	03.000,	00.100,	00.000,	33.374,	05.950
11/07/2016,	15.060,	00.270,	03.000,	00.100,	00.000,	33.373,	05.930
11/08/2016,	11.980,	00.760,	10.100,	00.130,	09.100,	33.415,	04.630
11/09/2016,	10.800,	01.170,	17.400,	00.110,	16.300,	33.461,	03.570
11/10/2016,	19.390,	00.150,	02.000,	00.010,	00.000,	33.412,	05.430
11/11/2016,	19.570,	00.160,	02.000,	00.010,	00.000,	33.452,	05.400
11/12/2016,	19.580,	00.170,	02.000,	00.010,	00.000,	33.494,	05.410
11/13/2016,	19.580,	00.170,	02.000,	00.010,	00.000,	33.498,	05.400
11/14/2016,	19.580,	00.170,	02.000,	00.010,	00.000,	33.498,	05.400
11/15/2016,	09.750,	01.940,	35.500,	00.060,	24.600,	33.545,	02.260
11/16/2016,	10.180,	01.550,	26.000,	00.040,	20.100,	33.410,	03.190
11/17/2016,	10.760,	01.160,	17.700,	00.080,	14.600,	33.346,	04.050
11/18/2016,	11.440,	00.750,	09.800,	00.120,	07.800,	33.286,	04.950
11/19/2016,	12.370,	00.430,	04.500,	00.140,	01.900,	33.229,	05.680
11/20/2016,	14.090,	00.240,	02.000,	00.000,	00.000,	33.174,	06.090
11/21/2016,	17.740,	00.170,	01.500,	00.000,	00.000,	33.436,	05.700
01/06/2017,	09.940,	01.420,	23.200,	00.030,	19.800,	33.652,	03.370
01/07/2017,	09.480,	01.550,	27.300,	00.020,	21.800,	33.669,	03.210
01/08/2017,	08.750,	01.770,	35.200,	00.040,	25.200,	33.722,	02.740
01/09/2017,	10.530,	01.170,	17.400,	00.030,	16.000,	33.641,	03.840
01/10/2017,	11.770,	00.730,	09.600,	00.030,	08.700,	33.634,	05.020
01/11/2017,	20.820,	00.170,	02.000,	00.000,	00.000,	33.632,	05.310
01/12/2017,	20.810,	00.160,	02.000,	00.000,	00.000,	33.633,	05.300
01/13/2017,	20.820,	00.170,	02.000,	00.000,	00.000,	33.632,	05.310
01/14/2017,	20.810,	00.150,	02.000,	00.000,	00.000,	33.636,	05.300
01/15/2017,	20.810,	00.150,	02.000,	00.000,	00.000,	33.636,	05.300
01/16/2017,	20.820,	00.170,	02.000,	00.000,	00.000,	33.640,	05.270
01/17/2017,	20.820,	00.170,	02.000,	00.000,	00.000,	33.640,	05.270
01/18/2017,	09.230,	01.770,	35.500,	00.090,	25.100,	33.679,	02.380
01/19/2017,	09.820,	01.560,	28.400,	00.070,	22.700,	33.563,	02.780
01/20/2017,	10.270,	01.400,	23.300,	00.080,	20.000,	33.511,	03.120
03/29/2017,	11.180,	01.920,	30.000,	00.060,	20.300,	34.052,	01.870
03/30/2017,	10.180,	02.270,	40.000,	00.150,	22.000,	34.266,	01.320
03/31/2017,	20.920,	00.170,	06.000,	00.050,	00.000,	33.680,	05.000
04/01/2017,	20.920,	00.150,	06.000,	00.060,	00.000,	33.679,	05.010
04/02/2017,	11.610,	01.400,	24.300,	00.110,	15.100,	33.933,	02.460
04/03/2017,	12.010,	00.910,	18.700,	00.110,	09.700,	33.819,	03.150
04/04/2017,	12.520,	00.640,	13.600,	00.030,	05.600,	33.709,	03.800
04/05/2017,	13.720,	00.570,	09.000,	00.040,	00.900,	33.600,	04.450
04/06/2017,	13.660,	00.570,	09.200,	00.040,	01.000,	33.604,	04.410
04/07/2017,	15.210,	00.320,	03.200,	00.010,	00.000,	33.544,	05.750
04/08/2017,	17.500,	00.280,	03.600,	00.010,	00.000,	33.568,	05.690
04/09/2017,	19.910,	00.240,	05.000,	00.020,	00.000,	33.631,	05.380
04/10/2017,	11.850,	00.790,	09.200,	00.090,	04.200,	34.222,	04.990
04/11/2017,	21.130,	00.280,	05.000,	00.030,	00.000,	33.717,	05.230
04/11/2017,	10.190,	01.250,	17.200,	00.010,	08.900,	34.361,	04.190
04/12/2017,	13.740,	00.420,	03.300,	00.100,	00.800,	34.055,	05.730
04/13/2017,	15.810,	00.240,	01.000,	00.000,	00.000,	33.636,	06.220
04/14/2017,	15.100,	00.320,	01.900,	00.000,	00.000,	33.860,	06.080
04/15/2017,	20.390,	00.240,	02.000,	00.000,	00.000,	33.535,	05.450
04/16/2017,	18.700,	00.240,	01.000,	00.000,	00.000,	33.437,	05.690
04/17/2017,	19.800,	00.240,	01.700,	00.000,	00.000,	33.489,	05.530
04/18/2017,	20.390,	00.240,	01.900,	00.000,	00.000,	33.537,	05.450
04/19/2017,	20.400,	00.260,	01.000,	00.000,	00.000,	33.553,	05.430
04/20/2017,	20.400,	00.260,	01.000,	00.000,	00.000,	33.553,	05.430
08/01/2017,	12.160,	00.420,	05.600,	00.120,	05.400,	33.356,	05.300
08/02/2017,	10.980,	00.960,	13.100,	00.010,	16.300,	33.394,	04.430
08/03/2017,	10.290,	01.350,	21.100,	00.000,	24.800,	33.435,	03.610
08/04/2017,	13.700,	00.190,	06.800,	00.040,	00.400,	33.320,	05.910
08/05/2017,	15.170,	00.170,	02.000,	00.000,	00.000,	33.294,	06.120
08/06/2017,	15.790,	00.160,	02.200,	00.000,	00.000,	33.309,	06.060
08/07/2017,	20.680,	00.130,	02.000,	00.000,	00.000,	33.553,	05.210
08/08/2017,	20.250,	00.130,	02.000,	00.000,	00.000,	33.492,	05.330
08/09/2017,	19.770,	00.130,	02.000,	00.000,	00.000,	33.423,	05.470
08/10/2017,	20.680,	00.140,	02.000,	00.000,	00.000,	33.553,	05.210
08/11/2017,	15.140,	00.680,	07.000,	00.070,	05.700,	33.566,	04.590
08/12/2017,	20.680,	00.200,	02.000,	00.000,	00.200,	33.557,	05.230
08/13/2017,	19.700,	00.330,	06.000,	01.020,	01.000,	33.625,	04.680
08/13/2017,	20.900,	00.140,	06.000,	00.110,	00.000,	33.682,	04.990
08/14/2017,	20.920,	00.130,	06.000,	00.060,	00.000,	33.683,	05.000
08/15/2017,	19.520,	00.340,	06.000,	00.980,	01.200,	33.618,	04.680
08/16/2017,	20.680,	00.200,	02.000,	00.000,	00.200,	33.557,	05.230
11/09/2017,	21.660,	00.110,	00.300,	00.000,	00.000,	33.907,	05.130
11/10/2017,	21.510,	00.200,	01.000,	00.000,	00.000,	33.873,	05.160
11/11/2017,	19.250,	00.110,	01.000,	00.000,	00.000,	33.803,	05.620
11/12/2017,	21.720,	00.020,	00.000,	00.000,	00.000,	33.938,	05.120
11/13/2017,	21.740,	00.070,	01.000,	00.000,	00.000,	33.931,	05.120
11/14/2017,	09.880,	01.280,	23.900,	00.010,	18.600,	33.628,	02.860
11/15/2017,	13.600,	00.190,	02.300,	00.000,	00.400,	33.521,	05.480
11/16/2017,	15.590,	00.080,	01.100,	00.000,	00.000,	33.504,	05.940
11/17/2017,	17.440,	00.120,	01.000,	00.000,	00.000,	33.505,	05.910
11/18/2017,	20.750,	00.090,	01.000,	00.000,	00.000,	33.626,	05.220
11/19/2017,	20.750,	00.090,	01.000,	00.000,	00.000,	33.664,	05.210
11/20/2017,	20.750,	00.040,	01.000,	00.000,	00.000,	33.665,	05.200
11/21/2017,	09.280,	01.810,	35.000,	00.000,	33.800,	33.525,	02.580
11/22/2017,	17.190,	00.090,	01.000,	00.000,	00.000,	33.492,	05.940
11/23/2017,	10.710,	00.790,	13.000,	00.030,	11.500,	33.567,	04.160
11/24/2017,	12.060,	00.440,	06.300,	00.000,	05.000,	33.542,	04.840
02/01/2018,	21.880,	00.100,	01.000,	00.000,	00.000,	33.771,	05.090
02/02/2018,	21.890,	00.020,	01.000,	00.000,	00.000,	33.837,	05.090
02/03/2018,	21.890,	00.020,	01.000,	00.000,	00.000,	33.837,	05.090
02/04/2018,	21.920,	00.000,	01.000,	00.000,	00.000,	33.842,	05.090
02/05/2018,	21.920,	00.000,	01.000,	00.000,	00.000,	33.842,	05.090
02/06/2018,	12.290,	00.370,	06.200,	00.000,	04.300,	33.754,	04.650
02/07/2018,	10.860,	00.410,	11.400,	00.000,	06.000,	33.761,	03.950
02/08/2018,	15.070,	00.050,	01.200,	00.000,	00.000,	33.751,	05.520
02/09/2018,	17.210,	00.000,	00.000,	00.000,	00.000,	33.754,	05.840
02/10/2018,	16.670,	00.040,	00.300,	00.000,	00.000,	33.753,	05.830
04/05/2018,	15.730,	01.430,	14.600,	00.060,	15.500,	34.117,	02.490
04/06/2018,	17.830,	00.780,	07.000,	00.330,	05.900,	34.136,	04.040
04/07/2018,	12.940,	02.070,	27.200,	00.040,	24.500,	34.093,	01.410
04/07/2018,	14.380,	01.950,	23.200,	00.080,	23.200,	34.103,	01.700
04/08/2018,	21.030,	00.220,	02.000,	00.000,	00.000,	34.038,	05.340
04/08/2018,	22.320,	00.200,	01.000,	00.000,	00.000,	33.999,	05.140
04/08/2018,	21.710,	00.210,	01.500,	00.000,	00.000,	34.014,	05.230
04/09/2018,	22.320,	00.200,	01.000,	00.000,	00.000,	33.996,	05.140
04/10/2018,	22.330,	00.170,	01.000,	00.000,	00.000,	33.973,	05.120
04/10/2018,	22.330,	00.170,	01.000,	00.000,	00.000,	33.973,	05.120
04/11/2018,	22.660,	00.150,	01.000,	00.000,	00.000,	34.198,	05.040
04/11/2018,	22.740,	00.160,	01.000,	00.000,	00.000,	34.201,	05.040
04/12/2018,	23.270,	00.220,	01.000,	00.000,	00.000,	34.221,	05.020
04/13/2018,	19.620,	00.250,	02.000,	00.380,	00.600,	34.102,	04.820
04/14/2018,	19.460,	00.260,	02.000,	00.400,	00.600,	34.100,	04.810
04/15/2018,	23.310,	00.220,	01.000,	00.000,	00.000,	34.223,	05.020
04/16/2018,	23.650,	00.220,	01.000,	00.000,	00.000,	34.237,	05.020
04/16/2018,	23.690,	00.210,	01.000,	00.000,	00.000,	34.239,	05.010
04/17/2018,	23.950,	00.170,	01.000,	00.000,	00.000,	34.252,	04.930
04/18/2018,	23.950,	00.170,	01.000,	00.000,	00.000,	34.252,	04.930
04/19/2018,	10.820,	00.210,	16.000,	00.000,	01.900,	33.581,	03.610
04/19/2018,	11.590,	00.330,	13.500,	00.000,	00.000,	33.557,	04.350
04/20/2018,	13.200,	00.340,	04.500,	00.000,	00.000,	33.537,	05.330
04/20/2018,	15.810,	00.200,	01.200,	00.000,	00.000,	33.521,	05.910
04/21/2018,	17.510,	00.110,	01.000,	00.000,	00.200,	33.536,	06.020
04/22/2018,	17.200,	00.110,	01.000,	00.000,	00.200,	33.510,	06.050
06/09/2018,	25.180,	00.170,	00.000,	00.000,	00.000,	34.437,	04.800
06/10/2018,	24.920,	00.130,	00.000,	00.020,	00.100,	34.421,	04.850
06/11/2018,	21.350,	00.350,	01.000,	00.000,	00.000,	34.342,	04.960
06/11/2018,	23.320,	00.220,	00.500,	00.010,	00.100,	34.371,	04.900
06/12/2018,	25.180,	00.150,	00.000,	00.000,	00.000,	34.437,	04.800
06/13/2018,	14.040,	00.330,	03.300,	00.000,	00.000,	33.479,	05.610
06/13/2018,	16.110,	00.350,	02.000,	00.000,	00.000,	33.446,	06.040
06/14/2018,	21.090,	00.200,	01.000,	00.000,	00.000,	33.641,	05.410
06/14/2018,	22.610,	00.200,	01.000,	00.000,	00.000,	33.726,	05.020
06/15/2018,	23.000,	00.200,	02.000,	00.000,	00.000,	33.727,	05.010
06/15/2018,	10.550,	02.310,	37.200,	00.050,	28.100,	33.853,	01.250
06/16/2018,	14.820,	00.300,	02.600,	00.000,	00.100,	33.762,	05.470
06/17/2018,	11.230,	02.000,	29.800,	00.070,	24.900,	33.805,	01.800
06/17/2018,	12.770,	00.860,	10.500,	00.180,	08.800,	33.772,	04.090
06/18/2018,	17.180,	00.200,	01.000,	00.000,	00.000,	33.755,	05.840
06/19/2018,	19.180,	00.170,	01.000,	00.000,	00.000,	33.700,	05.840
06/20/2018,	22.590,	00.170,	02.000,	00.000,	00.000,	33.728,	05.040
06/21/2018,	22.640,	00.170,	02.000,	00.000,	00.000,	33.581,	05.030
06/22/2018,	11.480,	02.540,	39.600,	00.050,	28.200,	34.090,	00.420
06/23/2018,	11.690,	02.190,	32.100,	00.040,	26.100,	34.088,	01.340
06/24/2018,	21.270,	00.170,	01.500,	00.000,	00.000,	33.705,	05.390
10/14/2018,	14.110,	02.210,	24.500,	00.120,	23.000,	34.253,	01.070
10/15/2018,	13.430,	02.360,	27.300,	00.120,	24.400,	34.303,	00.830
10/16/2018,	25.330,	00.310,	02.000,	00.090,	00.000,	34.403,	04.790
10/17/2018,	25.330,	00.310,	02.000,	00.090,	00.000,	34.403,	04.790
10/18/2018,	14.800,	02.230,	23.500,	00.090,	23.000,	34.209,	01.350
10/19/2018,	16.250,	01.820,	16.600,	00.250,	17.900,	34.170,	01.750
10/20/2018,	16.740,	01.020,	08.000,	00.300,	09.300,	34.150,	03.550
10/21/2018,	22.950,	00.320,	00.900,	00.030,	00.000,	34.329,	05.210
10/22/2018,	18.040,	00.690,	04.100,	00.440,	03.600,	34.168,	04.390
10/23/2018,	24.610,	00.280,	00.200,	00.030,	00.000,	34.441,	05.030
10/24/2018,	25.410,	00.260,	00.000,	00.030,	00.000,	34.544,	04.780
10/25/2018,	25.420,	00.200,	00.000,	00.030,	00.000,	34.552,	04.780
10/26/2018,	25.420,	00.200,	00.000,	00.030,	00.000,	34.552,	04.780
10/27/2018,	18.390,	00.440,	07.000,	00.000,	00.100,	34.326,	03.680
10/28/2018,	20.170,	00.390,	03.400,	00.000,	00.000,	34.336,	04.450
10/29/2018,	25.410,	00.250,	00.000,	00.030,	00.000,	34.545,	04.780
02/07/2019,	17.440,	00.460,	06.000,	00.100,	00.000,	34.133,	04.280
02/08/2019,	17.170,	00.460,	06.100,	00.100,	00.000,	34.132,	04.270
02/09/2019,	24.940,	00.250,	01.000,	00.080,	00.000,	34.310,	04.860
02/10/2019,	25.260,	00.240,	01.000,	00.080,	00.000,	34.403,	04.800
02/11/2019,	25.270,	00.250,	01.100,	00.080,	00.000,	34.403,	04.800
02/12/2019,	24.590,	00.260,	01.000,	00.080,	00.000,	34.212,	04.920
04/02/2019,	24.080,	00.150,	01.000,	00.000,	00.000,	33.979,	04.870
04/02/2019,	11.570,	02.430,	39.900,	00.050,	25.100,	34.016,	00.240
04/03/2019,	24.080,	00.170,	01.000,	00.000,	00.000,	33.982,	04.980
04/03/2019,	24.080,	00.150,	01.000,	00.000,	00.000,	33.979,	04.870
04/04/2019,	20.810,	00.170,	01.000,	00.000,	00.000,	33.828,	05.510
04/04/2019,	22.910,	00.170,	01.000,	00.000,	00.000,	33.908,	05.200
04/05/2019,	12.450,	02.280,	36.000,	00.120,	23.500,	33.991,	00.410
04/05/2019,	12.710,	02.080,	30.600,	00.030,	23.000,	33.984,	00.850
04/06/2019,	13.200,	01.620,	23.600,	00.020,	19.300,	33.981,	01.630
04/06/2019,	13.730,	00.980,	14.900,	00.030,	08.700,	33.982,	02.820
04/07/2019,	16.880,	00.420,	04.300,	00.010,	00.100,	33.986,	04.820
04/07/2019,	17.000,	00.410,	04.000,	00.010,	00.000,	33.986,	04.910
04/08/2019,	21.340,	00.230,	01.900,	00.000,	00.000,	34.249,	05.450
04/08/2019,	25.410,	00.130,	00.000,	00.000,	00.000,	34.595,	04.740
04/09/2019,	11.970,	02.050,	32.600,	00.240,	21.600,	34.100,	00.860
04/10/2019,	25.420,	00.130,	00.000,	00.000,	00.000,	34.595,	04.760
04/10/2019,	11.410,	02.450,	37.600,	00.140,	24.500,	34.107,	00.380
04/11/2019,	23.950,	00.170,	00.900,	00.000,	00.000,	34.434,	05.080
04/13/2019,	25.420,	00.130,	00.000,	00.000,	00.000,	34.595,	04.760
04/14/2019,	25.410,	00.130,	00.000,	00.000,	00.000,	34.595,	04.740
04/15/2019,	12.080,	01.360,	26.300,	00.090,	12.900,	34.102,	01.570
04/16/2019,	13.310,	01.440,	24.100,	00.100,	14.200,	34.108,	01.300
04/17/2019,	13.560,	00.450,	11.800,	00.110,	01.700,	34.119,	03.370
07/11/2019,	18.290,	00.200,	02.000,	00.000,	00.000,	33.493,	05.930
07/12/2019,	18.290,	00.200,	02.000,	00.000,	00.000,	33.500,	05.710
07/13/2019,	18.290,	00.200,	02.000,	00.000,	00.000,	33.490,	06.020
07/14/2019,	17.480,	00.240,	02.300,	00.000,	00.000,	33.473,	06.070
07/15/2019,	09.550,	02.310,	34.500,	00.010,	23.900,	33.914,	02.380
07/16/2019,	09.880,	02.000,	26.400,	00.100,	21.100,	33.749,	03.500
07/17/2019,	10.230,	01.800,	22.100,	00.040,	18.600,	33.668,	03.770
07/18/2019,	11.740,	01.010,	08.800,	00.010,	08.000,	33.483,	05.220
07/19/2019,	10.780,	01.480,	16.000,	00.000,	14.300,	33.564,	04.360
07/20/2019,	10.540,	01.640,	19.000,	00.000,	16.400,	33.620,	03.990
07/21/2019,	16.700,	00.390,	01.400,	00.080,	00.200,	33.506,	05.340
07/22/2019,	11.400,	01.860,	26.700,	00.040,	23.000,	33.798,	02.160
07/23/2019,	18.820,	00.240,	01.000,	00.000,	00.000,	33.530,	05.480
07/24/2019,	15.010,	00.250,	01.900,	00.000,	00.300,	33.745,	05.520
07/25/2019,	17.490,	00.130,	00.000,	00.000,	00.000,	33.736,	05.840
07/26/2019,	18.680,	00.310,	01.000,	00.000,	00.000,	33.530,	05.300
11/04/2019,	13.560,	00.280,	03.700,	00.010,	00.900,	33.511,	05.790
11/05/2019,	16.220,	00.170,	02.500,	00.000,	00.400,	33.526,	05.670
11/06/2019,	12.140,	00.700,	10.600,	00.040,	07.500,	33.499,	04.650
11/07/2019,	18.150,	00.130,	02.000,	00.000,	00.000,	33.540,	05.570
11/08/2019,	18.180,	00.130,	01.700,	00.010,	00.000,	33.540,	05.550
11/09/2019,	18.280,	00.160,	01.000,	00.030,	00.000,	33.540,	05.520
11/10/2019,	10.170,	02.030,	30.300,	00.010,	22.400,	33.777,	02.780
11/11/2019,	09.370,	02.390,	40.200,	00.060,	25.800,	33.918,	02.060
11/12/2019,	18.280,	00.160,	01.000,	00.030,	00.000,	33.540,	05.520
11/13/2019,	10.290,	01.780,	25.700,	00.020,	20.200,	33.708,	03.340
11/14/2019,	10.430,	01.580,	22.000,	00.030,	18.000,	33.670,	03.760
11/15/2019,	10.730,	01.310,	16.500,	00.010,	14.600,	33.588,	04.270
11/16/2019,	11.710,	00.760,	06.500,	00.030,	06.200,	33.476,	05.320
11/17/2019,	13.410,	00.490,	03.900,	00.080,	00.600,	33.443,	05.900
11/18/2019,	16.030,	00.310,	02.900,	00.000,	00.000,	33.456,	06.130
